month,p,d,e,cpi,gs10
1871-01,4.44,0.26,0.4,12.464061,5.32
1871-02,4.5,0.26,0.4,12.844641,5.323333
1871-03,4.61,0.26,0.4,13.034972,5.326667
1871-04,4.74,0.26,0.4,12.559226,5.33
1871-05,4.86,0.26,0.4,12.273812,5.333333
1871-06,4.82,0.26,0.4,12.083481,5.336667
1871-07,4.73,0.26,0.4,12.083481,5.34
1871-08,4.79,0.26,0.4,11.893231,5.343333
1871-09,4.84,0.26,0.4,12.178646,5.346667
1871-10,4.59,0.26,0.4,12.368896,5.35
1871-11,4.64,0.26,0.4,12.368896,5.353333
1871-12,4.74,0.26,0.4,12.654392,5.356667
1872-01,4.86,0.2633,0.4025,12.654392,5.36
1872-02,4.88,0.2667,0.405,12.654392,5.378333
1872-03,5.04,0.27,0.4075,12.844641,5.396667
1872-04,5.18,0.2733,0.41,13.130137,5.415
1872-05,5.18,0.2767,0.4125,13.130137,5.433333
1872-06,5.13,0.28,0.415,13.034972,5.451667
1872-07,5.1,0.2833,0.4175,12.844641,5.47
1872-08,5.04,0.2867,0.42,12.939807,5.488333
1872-09,4.95,0.29,0.4225,13.034972,5.506667
1872-10,4.97,0.2933,0.425,12.749476,5.525
1872-11,4.95,0.2967,0.4275,13.130137,5.543333
1872-12,5.07,0.3,0.43,12.939807,5.561667
1873-01,5.11,0.3025,0.4325,12.939807,5.58
1873-02,5.15,0.305,0.435,13.225221,5.570833
1873-03,5.11,0.3075,0.4375,13.225221,5.561667
1873-04,5.04,0.31,0.44,13.225221,5.5525
1873-05,5.05,0.3125,0.4425,12.939807,5.543333
1873-06,4.98,0.315,0.445,12.559226,5.534167
1873-07,4.97,0.3175,0.4475,12.559226,5.525
1873-08,4.97,0.32,0.45,12.559226,5.515833
1873-09,4.59,0.3225,0.4525,12.559226,5.506667
1873-10,4.19,0.325,0.455,12.273812,5.4975
1873-11,4.04,0.3275,0.4575,11.893231,5.488333
1873-12,4.42,0.33,0.46,12.178646,5.479167
1874-01,4.66,0.33,0.46,12.368896,5.47
1874-02,4.8,0.33,0.46,12.368896,5.436667
1874-03,4.73,0.33,0.46,12.368896,5.403333
1874-04,4.6,0.33,0.46,12.178646,5.37
1874-05,4.48,0.33,0.46,12.083481,5.336667
1874-06,4.46,0.33,0.46,11.798066,5.303333
1874-07,4.46,0.33,0.46,11.893231,5.27
1874-08,4.47,0.33,0.46,11.798066,5.236667
1874-09,4.54,0.33,0.46,11.798066,5.203333
1874-10,4.53,0.33,0.46,11.607736,5.17
1874-11,4.57,0.33,0.46,11.512651,5.136667
1874-12,4.54,0.33,0.46,11.512651,5.103333
1875-01,4.54,0.3275,0.4517,11.512651,5.07
1875-02,4.53,0.325,0.4433,11.512651,5.03
1875-03,4.59,0.3225,0.435,11.512651,4.99
1875-04,4.65,0.32,0.4267,11.607736,4.95
1875-05,4.47,0.3175,0.4183,11.322321,4.91
1875-06,4.38,0.315,0.41,11.132071,4.87
1875-07,4.39,0.3125,0.4017,11.132071,4.83
1875-08,4.41,0.31,0.3933,11.227155,4.79
1875-09,4.37,0.3075,0.385,11.132071,4.75
1875-10,4.3,0.305,0.3767,11.132071,4.71
1875-11,4.37,0.3025,0.3683,11.036906,4.67
1875-12,4.37,0.3,0.36,10.94174,4.63
1876-01,4.46,0.3,0.3533,10.846575,4.59
1876-02,4.52,0.3,0.3467,10.846575,4.578333
1876-03,4.51,0.3,0.34,10.846575,4.566667
1876-04,4.34,0.3,0.3333,10.751491,4.555
1876-05,4.18,0.3,0.3267,10.370911,4.543333
1876-06,4.15,0.3,0.32,10.085415,4.531667
1876-07,4.1,0.3,0.3133,10.085415,4.52
1876-08,3.93,0.3,0.3067,10.18058,4.508333
1876-09,3.69,0.3,0.3,10.275745,4.496667
1876-10,3.67,0.3,0.2933,10.465995,4.485
1876-11,3.6,0.3,0.2867,10.56116,4.473333
1876-12,3.58,0.3,0.28,10.751491,4.461667
1877-01,3.55,0.2908,0.2817,10.94174,4.45
1877-02,3.34,0.2817,0.2833,10.656326,4.440833
1877-03,3.17,0.2725,0.285,10.18058,4.431667
1877-04,2.94,0.2633,0.2867,10.465995,4.4225
1877-05,2.94,0.2542,0.2883,10.656326,4.413333
1877-06,2.73,0.245,0.29,10.085415,4.404167
1877-07,2.85,0.2358,0.2917,10.18058,4.395
1877-08,3.05,0.2267,0.2933,9.8,4.385833
1877-09,3.24,0.2175,0.295,9.704835,4.376667
1877-10,3.31,0.2083,0.2967,9.704835,4.3675
1877-11,3.26,0.1992,0.2983,9.514585,4.358333
1877-12,3.25,0.19,0.3,9.514585,4.349167
1878-01,3.25,0.1892,0.3008,9.229089,4.34
1878-02,3.18,0.1883,0.3017,9.134005,4.33
1878-03,3.24,0.1875,0.3025,8.943674,4.32
1878-04,3.33,0.1867,0.3033,8.848509,4.31
1878-05,3.34,0.1858,0.3042,8.563094,4.3
1878-06,3.41,0.185,0.305,8.372845,4.29
1878-07,3.48,0.1842,0.3058,8.467929,4.28
1878-08,3.45,0.1833,0.3067,8.563094,4.27
1878-09,3.52,0.1825,0.3075,8.563094,4.26
1878-10,3.48,0.1817,0.3083,8.467929,4.25
1878-11,3.47,0.1808,0.3092,8.372845,4.24
1878-12,3.45,0.18,0.31,8.182514,4.23
1879-01,3.58,0.1817,0.3158,8.277679,4.22
1879-02,3.71,0.1833,0.3217,8.372845,4.203333
1879-03,3.65,0.185,0.3275,8.277679,4.186667
1879-04,3.77,0.1867,0.3333,8.182514,4.17
1879-05,3.94,0.1883,0.3392,8.182514,4.153333
1879-06,3.96,0.19,0.345,8.087381,4.136667
1879-07,4.04,0.1917,0.3508,8.182514,4.12
1879-08,4.07,0.1933,0.3567,8.182514,4.103333
1879-09,4.22,0.195,0.3625,8.467929,4.086667
1879-10,4.68,0.1967,0.3683,8.943674,4.07
1879-11,4.93,0.1983,0.3742,9.41942,4.053333
1879-12,4.92,0.2,0.38,9.704835,4.036667
1880-01,5.11,0.205,0.3892,9.990331,4.02
1880-02,5.2,0.21,0.3983,9.990331,3.993333
1880-03,5.3,0.215,0.4075,10.085415,3.966667
1880-04,5.18,0.22,0.4167,9.704835,3.94
1880-05,4.77,0.225,0.4258,9.41942,3.913333
1880-06,4.79,0.23,0.435,9.229089,3.886667
1880-07,5.01,0.235,0.4442,9.229089,3.86
1880-08,5.19,0.24,0.4533,9.229089,3.833333
1880-09,5.18,0.245,0.4625,9.324255,3.806667
1880-10,5.33,0.25,0.4717,9.324255,3.78
1880-11,5.61,0.255,0.4808,9.41942,3.753333
1880-12,5.84,0.26,0.49,9.514585,3.726667
1881-01,6.19,0.265,0.4858,9.41942,3.7
1881-02,6.17,0.27,0.4817,9.514585,3.693333
1881-03,6.24,0.275,0.4775,9.514585,3.686667
1881-04,6.22,0.28,0.4733,9.609669,3.68
1881-05,6.5,0.285,0.4692,9.514585,3.673333
1881-06,6.58,0.29,0.465,9.514585,3.666667
1881-07,6.35,0.295,0.4608,9.609669,3.66
1881-08,6.2,0.3,0.4567,9.8,3.653333
1881-09,6.25,0.305,0.4525,10.18058,3.646667
1881-10,6.15,0.31,0.4483,10.275745,3.64
1881-11,6.19,0.315,0.4442,10.18058,3.633333
1881-12,6.01,0.32,0.44,10.18058,3.626667
1882-01,5.92,0.32,0.4392,10.18058,3.62
1882-02,5.79,0.32,0.4383,10.275745,3.620833
1882-03,5.78,0.32,0.4375,10.275745,3.621667
1882-04,5.78,0.32,0.4367,10.370911,3.6225
1882-05,5.71,0.32,0.4358,10.465995,3.623333
1882-06,5.68,0.32,0.435,10.56116,3.624167
1882-07,6,0.32,0.4342,10.465995,3.625
1882-08,6.18,0.32,0.4333,10.56116,3.625833
1882-09,6.24,0.32,0.4325,10.275745,3.626667
1882-10,6.07,0.32,0.4317,10.18058,3.6275
1882-11,5.81,0.32,0.4308,10.085415,3.628333
1882-12,5.84,0.32,0.43,9.990331,3.629167
1883-01,5.81,0.3208,0.4275,9.990331,3.63
1883-02,5.68,0.3217,0.425,10.085415,3.629167
1883-03,5.75,0.3225,0.4225,9.990331,3.628333
1883-04,5.87,0.3233,0.42,9.895165,3.6275
1883-05,5.77,0.3242,0.4175,9.8,3.626667
1883-06,5.82,0.325,0.415,9.514585,3.625833
1883-07,5.73,0.3258,0.4125,9.324255,3.625
1883-08,5.47,0.3267,0.41,9.324255,3.624167
1883-09,5.53,0.3275,0.4075,9.229089,3.623333
1883-10,5.38,0.3283,0.405,9.229089,3.6225
1883-11,5.46,0.3292,0.4025,9.134005,3.621667
1883-12,5.34,0.33,0.4,9.229089,3.620833
1884-01,5.18,0.3283,0.3925,9.229089,3.62
1884-02,5.32,0.3267,0.385,9.229089,3.611667
1884-03,5.3,0.325,0.3775,9.229089,3.603333
1884-04,5.06,0.3233,0.37,9.03884,3.595
1884-05,4.65,0.3217,0.3625,8.848509,3.586667
1884-06,4.46,0.32,0.355,8.848509,3.578333
1884-07,4.46,0.3183,0.3475,8.753425,3.57
1884-08,4.74,0.3167,0.34,8.753425,3.561667
1884-09,4.59,0.315,0.3325,8.65826,3.553333
1884-10,4.44,0.3133,0.325,8.563094,3.545
1884-11,4.35,0.3117,0.3175,8.372845,3.536667
1884-12,4.34,0.31,0.31,8.277679,3.528333
1885-01,4.24,0.3042,0.3067,8.277679,3.52
1885-02,4.37,0.2983,0.3033,8.372845,3.5075
1885-03,4.38,0.2925,0.3,8.182514,3.495
1885-04,4.37,0.2867,0.2967,8.277679,3.4825
1885-05,4.32,0.2808,0.2933,8.087381,3.47
1885-06,4.3,0.275,0.29,7.897091,3.4575
1885-07,4.46,0.2692,0.2867,7.992232,3.445
1885-08,4.71,0.2633,0.2833,7.992232,3.4325
1885-09,4.65,0.2575,0.28,7.897091,3.42
1885-10,4.92,0.2517,0.2767,7.897091,3.4075
1885-11,5.24,0.2458,0.2733,7.992232,3.395
1885-12,5.2,0.24,0.27,8.182514,3.3825
1886-01,5.2,0.2383,0.275,7.992232,3.37
1886-02,5.3,0.2367,0.28,7.992232,3.3825
1886-03,5.19,0.235,0.285,7.897091,3.395
1886-04,5.12,0.2333,0.29,7.801942,3.4075
1886-05,5.02,0.2317,0.295,7.611652,3.42
1886-06,5.25,0.23,0.3,7.516503,3.4325
1886-07,5.33,0.2283,0.305,7.611652,3.445
1886-08,5.37,0.2267,0.31,7.706793,3.4575
1886-09,5.51,0.225,0.315,7.706793,3.47
1886-10,5.65,0.2233,0.32,7.706793,3.4825
1886-11,5.79,0.2217,0.325,7.706793,3.495
1886-12,5.64,0.22,0.33,7.801942,3.5075
1887-01,5.58,0.2225,0.3325,7.992232,3.52
1887-02,5.54,0.225,0.335,8.087381,3.5325
1887-03,5.67,0.2275,0.3375,8.087381,3.545
1887-04,5.8,0.23,0.34,8.087381,3.5575
1887-05,5.9,0.2325,0.3425,8.087381,3.57
1887-06,5.73,0.235,0.345,7.992232,3.5825
1887-07,5.59,0.2375,0.3475,7.897091,3.595
1887-08,5.45,0.24,0.35,7.992232,3.6075
1887-09,5.38,0.2425,0.3525,7.897091,3.62
1887-10,5.2,0.245,0.355,7.992232,3.6325
1887-11,5.3,0.2475,0.3575,8.087381,3.645
1887-12,5.27,0.25,0.36,8.277679,3.6575
1888-01,5.31,0.2483,0.3517,8.372845,3.67
1888-02,5.28,0.2467,0.3433,8.277679,3.651667
1888-03,5.08,0.245,0.335,8.277679,3.633333
1888-04,5.1,0.2433,0.3267,8.182514,3.615
1888-05,5.17,0.2417,0.3183,8.087381,3.596667
1888-06,5.01,0.24,0.31,7.992232,3.578333
1888-07,5.14,0.2383,0.3017,8.087381,3.56
1888-08,5.25,0.2367,0.2933,8.087381,3.541667
1888-09,5.38,0.235,0.285,8.087381,3.523333
1888-10,5.35,0.2333,0.2767,8.182514,3.505
1888-11,5.24,0.2317,0.2683,8.277679,3.486667
1888-12,5.14,0.23,0.26,8.277679,3.468333
1889-01,5.24,0.2292,0.2633,7.992232,3.45
1889-02,5.3,0.2283,0.2667,7.897091,3.4475
1889-03,5.19,0.2275,0.27,7.801942,3.445
1889-04,5.18,0.2267,0.2733,7.801942,3.4425
1889-05,5.32,0.2258,0.2767,7.611652,3.44
1889-06,5.41,0.225,0.28,7.611652,3.4375
1889-07,5.3,0.2242,0.2833,7.611652,3.435
1889-08,5.37,0.2233,0.2867,7.611652,3.4325
1889-09,5.5,0.2225,0.29,7.706793,3.43
1889-10,5.4,0.2217,0.2933,7.706793,3.4275
1889-11,5.35,0.2208,0.2967,7.706793,3.425
1889-12,5.32,0.22,0.3,7.801942,3.4225
1890-01,5.38,0.22,0.2992,7.611652,3.42
1890-02,5.32,0.22,0.2983,7.611652,3.436667
1890-03,5.28,0.22,0.2975,7.611652,3.453333
1890-04,5.39,0.22,0.2967,7.611652,3.47
1890-05,5.62,0.22,0.2958,7.706793,3.486667
1890-06,5.58,0.22,0.295,7.706793,3.503333
1890-07,5.54,0.22,0.2942,7.706793,3.52
1890-08,5.41,0.22,0.2933,7.992232,3.536667
1890-09,5.32,0.22,0.2925,8.087381,3.553333
1890-10,5.08,0.22,0.2917,8.087381,3.57
1890-11,4.71,0.22,0.2908,7.897091,3.586667
1890-12,4.6,0.22,0.29,7.897091,3.603333
1891-01,4.84,0.22,0.2942,7.801942,3.62
1891-02,4.9,0.22,0.2983,7.897091,3.618333
1891-03,4.81,0.22,0.3025,7.992232,3.616667
1891-04,4.97,0.22,0.3067,8.087381,3.615
1891-05,4.95,0.22,0.3108,7.992232,3.613333
1891-06,4.85,0.22,0.315,7.801942,3.611667
1891-07,4.77,0.22,0.3192,7.706793,3.61
1891-08,4.93,0.22,0.3233,7.706793,3.608333
1891-09,5.33,0.22,0.3275,7.611652,3.606667
1891-10,5.33,0.22,0.3317,7.611652,3.605
1891-11,5.25,0.22,0.3358,7.516503,3.603333
1891-12,5.41,0.22,0.34,7.516503,3.601667
1892-01,5.51,0.2217,0.3425,7.326213,3.6
1892-02,5.52,0.2233,0.345,7.326213,3.6125
1892-03,5.58,0.225,0.3475,7.135923,3.625
1892-04,5.57,0.2267,0.35,7.040774,3.6375
1892-05,5.57,0.2283,0.3525,7.040774,3.65
1892-06,5.54,0.23,0.355,7.040774,3.6625
1892-07,5.54,0.2317,0.3575,7.231072,3.675
1892-08,5.62,0.2333,0.36,7.326213,3.6875
1892-09,5.48,0.235,0.3625,7.326213,3.7
1892-10,5.59,0.2367,0.365,7.326213,3.7125
1892-11,5.57,0.2383,0.3675,7.516503,3.725
1892-12,5.51,0.24,0.37,7.611652,3.7375
1893-01,5.61,0.2408,0.3608,7.897091,3.75
1893-02,5.51,0.2417,0.3517,7.992232,3.745833
1893-03,5.31,0.2425,0.3425,7.801942,3.741667
1893-04,5.31,0.2433,0.3333,7.706793,3.7375
1893-05,4.84,0.2442,0.3242,7.611652,3.733333
1893-06,4.61,0.245,0.315,7.421362,3.729167
1893-07,4.18,0.2458,0.3058,7.231072,3.725
1893-08,4.08,0.2467,0.2967,6.945633,3.720833
1893-09,4.37,0.2475,0.2875,7.231072,3.716667
1893-10,4.5,0.2483,0.2783,7.326213,3.7125
1893-11,4.57,0.2492,0.2692,7.135923,3.708333
1893-12,4.41,0.25,0.26,7.040774,3.704167
1894-01,4.32,0.2467,0.2517,6.850483,3.7
1894-02,4.38,0.2433,0.2433,6.755342,3.68
1894-03,4.51,0.24,0.235,6.565052,3.66
1894-04,4.57,0.2367,0.2267,6.565052,3.64
1894-05,4.4,0.2333,0.2183,6.565052,3.62
1894-06,4.34,0.23,0.21,6.565052,3.6
1894-07,4.25,0.2267,0.2017,6.565052,3.58
1894-08,4.41,0.2233,0.1933,6.755342,3.56
1894-09,4.48,0.22,0.185,6.850483,3.54
1894-10,4.34,0.2167,0.1767,6.660193,3.52
1894-11,4.34,0.2133,0.1683,6.660193,3.5
1894-12,4.3,0.21,0.16,6.565052,3.48
1895-01,4.25,0.2083,0.1675,6.565052,3.46
1895-02,4.19,0.2067,0.175,6.565052,3.471667
1895-03,4.19,0.205,0.1825,6.565052,3.483333
1895-04,4.37,0.2033,0.19,6.850483,3.495
1895-05,4.61,0.2017,0.1975,6.945633,3.506667
1895-06,4.7,0.2,0.205,7.040774,3.518333
1895-07,4.72,0.1983,0.2125,6.945633,3.53
1895-08,4.79,0.1967,0.22,6.850483,3.541667
1895-09,4.82,0.195,0.2275,6.850483,3.553333
1895-10,4.75,0.1933,0.235,6.850483,3.565
1895-11,4.59,0.1917,0.2425,6.850483,3.576667
1895-12,4.32,0.19,0.25,6.755342,3.588333
1896-01,4.27,0.1892,0.2467,6.660193,3.6
1896-02,4.45,0.1883,0.2433,6.565052,3.583333
1896-03,4.38,0.1875,0.24,6.565052,3.566667
1896-04,4.42,0.1867,0.2367,6.469903,3.55
1896-05,4.4,0.1858,0.2333,6.374754,3.533333
1896-06,4.32,0.185,0.23,6.279613,3.516667
1896-07,4.04,0.1842,0.2267,6.279613,3.5
1896-08,3.81,0.1833,0.2233,6.279613,3.483333
1896-09,4.01,0.1825,0.22,6.279613,3.466667
1896-10,4.1,0.1817,0.2167,6.469903,3.45
1896-11,4.38,0.1808,0.2133,6.660193,3.433333
1896-12,4.22,0.18,0.21,6.660193,3.416667
1897-01,4.22,0.18,0.2183,6.469903,3.4
1897-02,4.18,0.18,0.2267,6.469903,3.395833
1897-03,4.19,0.18,0.235,6.469903,3.391667
1897-04,4.06,0.18,0.2433,6.374754,3.3875
1897-05,4.08,0.18,0.2517,6.279613,3.383333
1897-06,4.27,0.18,0.26,6.279613,3.379167
1897-07,4.46,0.18,0.2683,6.279613,3.375
1897-08,4.75,0.18,0.2767,6.565052,3.370833
1897-09,4.98,0.18,0.285,6.755342,3.366667
1897-10,4.82,0.18,0.2933,6.660193,3.3625
1897-11,4.65,0.18,0.3017,6.660193,3.358333
1897-12,4.75,0.18,0.31,6.660193,3.354167
1898-01,4.88,0.1817,0.3133,6.660193,3.35
1898-02,4.87,0.1833,0.3167,6.755342,3.329167
1898-03,4.65,0.185,0.32,6.755342,3.308333
1898-04,4.57,0.1867,0.3233,6.755342,3.2875
1898-05,4.87,0.1883,0.3267,7.231072,3.266667
1898-06,5.06,0.19,0.33,6.755342,3.245833
1898-07,5.08,0.1917,0.3333,6.660193,3.225
1898-08,5.27,0.1933,0.3367,6.660193,3.204167
1898-09,5.26,0.195,0.34,6.660193,3.183333
1898-10,5.15,0.1967,0.3433,6.660193,3.1625
1898-11,5.32,0.1983,0.3467,6.660193,3.141667
1898-12,5.65,0.2,0.35,6.755342,3.120833
1899-01,6.08,0.2008,0.3608,6.755342,3.1
1899-02,6.31,0.2017,0.3717,6.945633,3.104167
1899-03,6.4,0.2025,0.3825,6.945633,3.108333
1899-04,6.48,0.2033,0.3933,7.040774,3.1125
1899-05,6.21,0.2042,0.4042,7.040774,3.116667
1899-06,6.07,0.205,0.415,7.135923,3.120833
1899-07,6.28,0.2058,0.4258,7.231072,3.125
1899-08,6.44,0.2067,0.4367,7.326213,3.129167
1899-09,6.37,0.2075,0.4475,7.611652,3.133333
1899-10,6.34,0.2083,0.4583,7.706793,3.1375
1899-11,6.46,0.2092,0.4692,7.801942,3.141667
1899-12,6.02,0.21,0.48,7.897091,3.145833
1900-01,6.1,0.2175,0.48,7.897091,3.15
1900-02,6.21,0.225,0.48,7.992232,3.145833
1900-03,6.26,0.2325,0.48,7.992232,3.141667
1900-04,6.34,0.24,0.48,7.992232,3.1375
1900-05,6.04,0.2475,0.48,7.801942,3.133333
1900-06,5.86,0.255,0.48,7.706793,3.129167
1900-07,5.86,0.2625,0.48,7.801942,3.125
1900-08,5.94,0.27,0.48,7.706793,3.120833
1900-09,5.8,0.2775,0.48,7.801942,3.116667
1900-10,6.01,0.285,0.48,7.706793,3.1125
1900-11,6.48,0.2925,0.48,7.706793,3.108333
1900-12,6.87,0.3,0.48,7.611652,3.104167
1901-01,7.07,0.3017,0.4817,7.706793,3.1
1901-02,7.25,0.3033,0.4833,7.611652,3.106667
1901-03,7.51,0.305,0.485,7.611652,3.113333
1901-04,8.14,0.3067,0.4867,7.516503,3.12
1901-05,7.73,0.3083,0.4883,7.516503,3.126667
1901-06,8.5,0.31,0.49,7.516503,3.133333
1901-07,7.93,0.3117,0.4917,7.611652,3.14
1901-08,8.04,0.3133,0.4933,7.706793,3.146667
1901-09,8,0.315,0.495,7.801942,3.153333
1901-10,7.91,0.3167,0.4967,7.801942,3.16
1901-11,8.08,0.3183,0.4983,7.897091,3.166667
1901-12,7.95,0.32,0.5,7.992232,3.173333
1902-01,8.12,0.3208,0.5108,7.897091,3.18
1902-02,8.19,0.3217,0.5217,7.897091,3.19
1902-03,8.2,0.3225,0.5325,7.897091,3.2
1902-04,8.48,0.3233,0.5433,7.992232,3.21
1902-05,8.46,0.3242,0.5542,8.087381,3.22
1902-06,8.41,0.325,0.565,8.182514,3.23
1902-07,8.6,0.3258,0.5758,8.182514,3.24
1902-08,8.83,0.3267,0.5867,8.087381,3.25
1902-09,8.85,0.3275,0.5975,8.182514,3.26
1902-10,8.57,0.3283,0.6083,8.753425,3.27
1902-11,8.24,0.3292,0.6192,8.467929,3.28
1902-12,8.05,0.33,0.63,8.563094,3.29
1903-01,8.46,0.3317,0.6217,8.65826,3.3
1903-02,8.41,0.3333,0.6133,8.65826,3.308333
1903-03,8.08,0.335,0.605,8.372845,3.316667
1903-04,7.75,0.3367,0.5967,8.372845,3.325
1903-05,7.6,0.3383,0.5883,8.182514,3.333333
1903-06,7.18,0.34,0.58,8.182514,3.341667
1903-07,6.85,0.3417,0.5717,8.182514,3.35
1903-08,6.63,0.3433,0.5633,8.182514,3.358333
1903-09,6.47,0.345,0.555,8.277679,3.366667
1903-10,6.26,0.3467,0.5467,8.182514,3.375
1903-11,6.28,0.3483,0.5383,8.087381,3.383333
1903-12,6.57,0.35,0.53,8.087381,3.391667
1904-01,6.68,0.3467,0.5267,8.277679,3.4
1904-02,6.5,0.3433,0.5233,8.467929,3.406667
1904-03,6.48,0.34,0.52,8.372845,3.413333
1904-04,6.64,0.3367,0.5167,8.277679,3.42
1904-05,6.5,0.3333,0.5133,8.087381,3.426667
1904-06,6.51,0.33,0.51,8.087381,3.433333
1904-07,6.78,0.3267,0.5067,8.087381,3.44
1904-08,7.01,0.3233,0.5033,8.182514,3.446667
1904-09,7.32,0.32,0.5,8.277679,3.453333
1904-10,7.75,0.3167,0.4967,8.277679,3.46
1904-11,8.17,0.3133,0.4933,8.467929,3.466667
1904-12,8.25,0.31,0.49,8.467929,3.473333
1905-01,8.43,0.3117,0.505,8.467929,3.48
1905-02,8.8,0.3133,0.52,8.467929,3.475833
1905-03,9.05,0.315,0.535,8.372845,3.471667
1905-04,8.94,0.3167,0.55,8.372845,3.4675
1905-05,8.5,0.3183,0.565,8.277679,3.463333
1905-06,8.6,0.32,0.58,8.277679,3.459167
1905-07,8.87,0.3217,0.595,8.277679,3.455
1905-08,9.2,0.3233,0.61,8.372845,3.450833
1905-09,9.23,0.325,0.625,8.277679,3.446667
1905-10,9.36,0.3267,0.64,8.277679,3.4425
1905-11,9.31,0.3283,0.655,8.372845,3.438333
1905-12,9.54,0.33,0.67,8.467929,3.434167
1906-01,9.87,0.3358,0.6775,8.467929,3.43
1906-02,9.8,0.3417,0.685,8.467929,3.45
1906-03,9.56,0.3475,0.6925,8.467929,3.47
1906-04,9.43,0.3533,0.7,8.467929,3.49
1906-05,9.18,0.3592,0.7075,8.563094,3.51
1906-06,9.3,0.365,0.715,8.563094,3.53
1906-07,9.06,0.3708,0.7225,8.277679,3.55
1906-08,9.73,0.3767,0.73,8.467929,3.57
1906-09,10.03,0.3825,0.7375,8.563094,3.59
1906-10,9.73,0.3883,0.745,8.753425,3.61
1906-11,9.93,0.3942,0.7525,8.848509,3.63
1906-12,9.84,0.4,0.76,8.943674,3.65
1907-01,9.56,0.4033,0.7517,8.848509,3.67
1907-02,9.26,0.4067,0.7433,9.03884,3.686667
1907-03,8.35,0.41,0.735,8.943674,3.703333
1907-04,8.39,0.4133,0.7267,8.943674,3.72
1907-05,8.1,0.4167,0.7183,9.134005,3.736667
1907-06,7.84,0.42,0.71,9.229089,3.753333
1907-07,8.14,0.4233,0.7017,9.229089,3.77
1907-08,7.53,0.4267,0.6933,9.229089,3.786667
1907-09,7.45,0.43,0.685,9.229089,3.803333
1907-10,6.64,0.4333,0.6767,9.324255,3.82
1907-11,6.25,0.4367,0.6683,8.943674,3.836667
1907-12,6.57,0.44,0.66,8.753425,3.853333
1908-01,6.85,0.4367,0.6533,8.65826,3.87
1908-02,6.6,0.4333,0.6467,8.563094,3.860833
1908-03,6.87,0.43,0.64,8.563094,3.851667
1908-04,7.24,0.4267,0.6333,8.65826,3.8425
1908-05,7.63,0.4233,0.6267,8.65826,3.833333
1908-06,7.64,0.42,0.62,8.65826,3.824167
1908-07,7.92,0.4167,0.6133,8.753425,3.815
1908-08,8.26,0.4133,0.6067,8.753425,3.805833
1908-09,8.17,0.41,0.6,8.753425,3.796667
1908-10,8.27,0.4067,0.5933,8.848509,3.7875
1908-11,8.83,0.4033,0.5867,8.943674,3.778333
1908-12,9.03,0.4,0.58,9.03884,3.769167
1909-01,9.06,0.4033,0.595,8.943674,3.76
1909-02,8.8,0.4067,0.61,9.03884,3.7725
1909-03,8.92,0.41,0.625,9.03884,3.785
1909-04,9.32,0.4133,0.64,9.229089,3.7975
1909-05,9.63,0.4167,0.655,9.324255,3.81
1909-06,9.8,0.42,0.67,9.41942,3.8225
1909-07,9.94,0.4233,0.685,9.41942,3.835
1909-08,10.18,0.4267,0.7,9.514585,3.8475
1909-09,10.19,0.43,0.715,9.609669,3.86
1909-10,10.23,0.4333,0.73,9.8,3.8725
1909-11,10.18,0.4367,0.745,9.895165,3.885
1909-12,10.3,0.44,0.76,9.990331,3.8975
1910-01,10.08,0.4425,0.7575,9.895165,3.91
1910-02,9.72,0.445,0.755,9.895165,3.915833
1910-03,9.96,0.4475,0.7525,10.085415,3.921667
1910-04,9.72,0.45,0.75,10.18058,3.9275
1910-05,9.56,0.4525,0.7475,9.990331,3.933333
1910-06,9.1,0.455,0.745,9.895165,3.939167
1910-07,8.64,0.4575,0.7425,9.895165,3.945
1910-08,8.85,0.46,0.74,9.8,3.950833
1910-09,8.91,0.4625,0.7375,9.704835,3.956667
1910-10,9.32,0.465,0.735,9.41942,3.9625
1910-11,9.31,0.4675,0.7325,9.229089,3.968333
1910-12,9.05,0.47,0.73,9.229089,3.974167
1911-01,9.27,0.47,0.7183,9.229089,3.98
1911-02,9.43,0.47,0.7067,8.943674,3.9825
1911-03,9.32,0.47,0.695,9.03884,3.985
1911-04,9.28,0.47,0.6833,8.753425,3.9875
1911-05,9.48,0.47,0.6717,8.753425,3.99
1911-06,9.67,0.47,0.66,8.753425,3.9925
1911-07,9.63,0.47,0.6483,8.848509,3.995
1911-08,9.17,0.47,0.6367,9.134005,3.9975
1911-09,8.67,0.47,0.625,9.229089,4
1911-10,8.72,0.47,0.6133,9.229089,4.0025
1911-11,9.07,0.47,0.6017,9.134005,4.005
1911-12,9.11,0.47,0.59,9.03884,4.0075
1912-01,9.12,0.4708,0.5992,9.134005,4.01
1912-02,9.04,0.4717,0.6083,9.229089,4.046667
1912-03,9.3,0.4725,0.6175,9.41942,4.083333
1912-04,9.59,0.4733,0.6267,9.704835,4.12
1912-05,9.58,0.4742,0.6358,9.704835,4.156667
1912-06,9.58,0.475,0.645,9.609669,4.193333
1912-07,9.59,0.4758,0.6542,9.609669,4.23
1912-08,9.81,0.4767,0.6633,9.704835,4.266667
1912-09,9.86,0.4775,0.6725,9.8,4.303333
1912-10,9.84,0.4783,0.6817,9.8,4.34
1912-11,9.73,0.4792,0.6908,9.8,4.376667
1912-12,9.38,0.48,0.7,9.704835,4.413333
1913-01,9.3,0.48,0.6942,9.8,4.45
1913-02,8.97,0.48,0.6883,9.8,4.425833
1913-03,8.8,0.48,0.6825,9.8,4.401667
1913-04,8.79,0.48,0.6767,9.8,4.3775
1913-05,8.55,0.48,0.6708,9.7,4.353333
1913-06,8.12,0.48,0.665,9.8,4.329167
1913-07,8.23,0.48,0.6592,9.9,4.305
1913-08,8.45,0.48,0.6533,9.9,4.280833
1913-09,8.53,0.48,0.6475,10,4.256667
1913-10,8.26,0.48,0.6417,10,4.2325
1913-11,8.05,0.48,0.6358,10.1,4.208333
1913-12,8.04,0.48,0.63,10,4.184167
1914-01,8.37,0.475,0.6208,10,4.16
1914-02,8.48,0.47,0.6117,9.9,4.166667
1914-03,8.32,0.465,0.6025,9.9,4.173333
1914-04,8.12,0.46,0.5933,9.8,4.18
1914-05,8.17,0.455,0.5842,9.9,4.186667
1914-06,8.13,0.45,0.575,9.9,4.193333
1914-07,7.68,0.445,0.5658,10,4.2
1914-08,7.68,0.44,0.5567,10.2,4.206667
1914-09,7.68,0.435,0.5475,10.2,4.213333
1914-10,7.68,0.43,0.5383,10.1,4.22
1914-11,7.68,0.425,0.5292,10.2,4.226667
1914-12,7.35,0.42,0.52,10.1,4.233333
1915-01,7.48,0.4208,0.55,10.1,4.24
1915-02,7.38,0.4217,0.58,10,4.224167
1915-03,7.57,0.4225,0.61,9.9,4.208333
1915-04,8.14,0.4233,0.64,10,4.1925
1915-05,7.95,0.4242,0.67,10.1,4.176667
1915-06,8.04,0.425,0.7,10.1,4.160833
1915-07,8.01,0.4258,0.73,10.1,4.145
1915-08,8.35,0.4267,0.76,10.1,4.129167
1915-09,8.66,0.4275,0.79,10.1,4.113333
1915-10,9.14,0.4283,0.82,10.2,4.0975
1915-11,9.46,0.4292,0.85,10.3,4.081667
1915-12,9.48,0.43,0.88,10.3,4.065833
1916-01,9.33,0.4408,0.9342,10.4,4.05
1916-02,9.2,0.4517,0.9883,10.4,4.065
1916-03,9.17,0.4625,1.042,10.5,4.08
1916-04,9.07,0.4733,1.097,10.6,4.095
1916-05,9.27,0.4842,1.151,10.7,4.11
1916-06,9.36,0.495,1.205,10.8,4.125
1916-07,9.23,0.5058,1.259,10.8,4.14
1916-08,9.3,0.5167,1.313,10.9,4.155
1916-09,9.68,0.5275,1.368,11.1,4.17
1916-10,9.98,0.5383,1.422,11.3,4.185
1916-11,10.21,0.5492,1.476,11.5,4.2
1916-12,9.8,0.56,1.53,11.6,4.215
1917-01,9.57,0.5708,1.509,11.7,4.23
1917-02,9.03,0.5817,1.488,12,4.258333
1917-03,9.31,0.5925,1.468,12,4.286667
1917-04,9.17,0.6033,1.447,12.6,4.315
1917-05,8.86,0.6142,1.426,12.8,4.343333
1917-06,9.04,0.625,1.405,13,4.371667
1917-07,8.79,0.6358,1.384,12.8,4.4
1917-08,8.53,0.6467,1.363,13,4.428333
1917-09,8.12,0.6575,1.343,13.3,4.456667
1917-10,7.68,0.6683,1.322,13.5,4.485
1917-11,7.04,0.6792,1.301,13.5,4.513333
1917-12,6.8,0.69,1.28,13.7,4.541667
1918-01,7.21,0.68,1.256,14,4.57
1918-02,7.43,0.67,1.232,14.1,4.564167
1918-03,7.28,0.66,1.208,14,4.558333
1918-04,7.21,0.65,1.183,14.2,4.5525
1918-05,7.44,0.64,1.159,14.5,4.546667
1918-06,7.45,0.63,1.135,14.7,4.540833
1918-07,7.51,0.62,1.111,15.1,4.535
1918-08,7.58,0.61,1.087,15.4,4.529167
1918-09,7.54,0.6,1.063,15.7,4.523333
1918-10,7.86,0.59,1.038,16,4.5175
1918-11,8.06,0.58,1.014,16.3,4.511667
1918-12,7.9,0.57,0.99,16.5,4.505833
1919-01,7.85,0.5667,0.985,16.5,4.5
1919-02,7.88,0.5633,0.98,16.2,4.539167
1919-03,8.12,0.56,0.975,16.4,4.578333
1919-04,8.39,0.5567,0.97,16.7,4.6175
1919-05,8.97,0.5533,0.965,16.9,4.656667
1919-06,9.21,0.55,0.96,16.9,4.695833
1919-07,9.51,0.5467,0.955,17.4,4.735
1919-08,8.87,0.5433,0.95,17.7,4.774167
1919-09,9.01,0.54,0.945,17.8,4.813333
1919-10,9.47,0.5367,0.94,18.1,4.8525
1919-11,9.19,0.5333,0.935,18.5,4.891667
1919-12,8.92,0.53,0.93,18.9,4.930833
1920-01,8.83,0.5283,0.9192,19.3,4.97
1920-02,8.1,0.5267,0.9083,19.5,4.98
1920-03,8.67,0.525,0.8975,19.7,4.99
1920-04,8.6,0.5233,0.8867,20.3,5
1920-05,8.06,0.5217,0.8758,20.6,5.01
1920-06,7.92,0.52,0.865,20.9,5.02
1920-07,7.91,0.5183,0.8542,20.8,5.03
1920-08,7.6,0.5167,0.8433,20.3,5.04
1920-09,7.87,0.515,0.8325,20,5.05
1920-10,7.88,0.5133,0.8217,19.9,5.06
1920-11,7.48,0.5117,0.8108,19.8,5.07
1920-12,6.81,0.51,0.8,19.4,5.08
1921-01,7.11,0.5058,0.7575,19,5.09
1921-02,7.06,0.5017,0.715,18.4,5.024167
1921-03,6.88,0.4975,0.6725,18.3,4.958333
1921-04,6.91,0.4933,0.63,18.1,4.8925
1921-05,7.12,0.4892,0.5875,17.7,4.826667
1921-06,6.55,0.485,0.545,17.6,4.760833
1921-07,6.53,0.4808,0.5025,17.7,4.695
1921-08,6.45,0.4767,0.46,17.7,4.629167
1921-09,6.61,0.4725,0.4175,17.5,4.563333
1921-10,6.7,0.4683,0.375,17.5,4.4975
1921-11,7.06,0.4642,0.3325,17.4,4.431667
1921-12,7.31,0.46,0.29,17.3,4.365833
1922-01,7.3,0.4642,0.3233,16.9,4.3
1922-02,7.46,0.4683,0.3567,16.9,4.305
1922-03,7.74,0.4725,0.39,16.7,4.31
1922-04,8.21,0.4767,0.4233,16.7,4.315
1922-05,8.53,0.4808,0.4567,16.7,4.32
1922-06,8.45,0.485,0.49,16.7,4.325
1922-07,8.51,0.4892,0.5233,16.8,4.33
1922-08,8.83,0.4933,0.5567,16.6,4.335
1922-09,9.06,0.4975,0.59,16.6,4.34
1922-10,9.26,0.5017,0.6233,16.7,4.345
1922-11,8.8,0.5058,0.6567,16.8,4.35
1922-12,8.78,0.51,0.69,16.9,4.355
1923-01,8.9,0.5117,0.7142,16.8,4.36
1923-02,9.28,0.5133,0.7383,16.8,4.335
1923-03,9.43,0.515,0.7625,16.8,4.31
1923-04,9.1,0.5167,0.7867,16.9,4.285
1923-05,8.67,0.5183,0.8108,16.9,4.26
1923-06,8.34,0.52,0.835,17,4.235
1923-07,8.06,0.5217,0.8592,17.2,4.21
1923-08,8.1,0.5233,0.8833,17.1,4.185
1923-09,8.15,0.525,0.9075,17.2,4.16
1923-10,8.03,0.5267,0.9317,17.3,4.135
1923-11,8.27,0.5283,0.9558,17.3,4.11
1923-12,8.55,0.53,0.98,17.3,4.085
1924-01,8.83,0.5317,0.9758,17.3,4.06
1924-02,8.87,0.5333,0.9717,17.2,4.043333
1924-03,8.7,0.535,0.9675,17.1,4.026667
1924-04,8.5,0.5367,0.9633,17,4.01
1924-05,8.47,0.5383,0.9592,17,3.993333
1924-06,8.63,0.54,0.955,17,3.976667
1924-07,9.03,0.5417,0.9508,17.1,3.96
1924-08,9.34,0.5433,0.9467,17,3.943333
1924-09,9.25,0.545,0.9425,17.1,3.926667
1924-10,9.13,0.5467,0.9383,17.2,3.91
1924-11,9.64,0.5483,0.9342,17.2,3.893333
1924-12,10.16,0.55,0.93,17.3,3.876667
1925-01,10.58,0.5542,0.9567,17.3,3.86
1925-02,10.67,0.5583,0.9833,17.2,3.845
1925-03,10.39,0.5625,1.01,17.3,3.83
1925-04,10.28,0.5667,1.037,17.2,3.815
1925-05,10.61,0.5708,1.063,17.3,3.8
1925-06,10.8,0.575,1.09,17.5,3.785
1925-07,11.1,0.5792,1.117,17.7,3.77
1925-08,11.25,0.5833,1.143,17.7,3.755
1925-09,11.51,0.5875,1.17,17.7,3.74
1925-10,11.89,0.5917,1.197,17.7,3.725
1925-11,12.26,0.5958,1.223,18,3.71
1925-12,12.46,0.6,1.25,17.9,3.695
1926-01,12.65,0.6075,1.249,17.9,3.68
1926-02,12.67,0.615,1.248,17.9,3.651667
1926-03,11.81,0.6225,1.248,17.8,3.623333
1926-04,11.48,0.63,1.247,17.9,3.595
1926-05,11.56,0.6375,1.246,17.8,3.566667
1926-06,12.11,0.645,1.245,17.7,3.538333
1926-07,12.62,0.6525,1.244,17.5,3.51
1926-08,13.12,0.66,1.243,17.4,3.481667
1926-09,13.32,0.6675,1.242,17.5,3.453333
1926-10,13.02,0.675,1.242,17.6,3.425
1926-11,13.19,0.6825,1.241,17.7,3.396667
1926-12,13.49,0.69,1.24,17.7,3.368333
1927-01,13.4,0.6967,1.229,17.5,3.34
1927-02,13.66,0.7033,1.218,17.4,3.339167
1927-03,13.87,0.71,1.208,17.3,3.338333
1927-04,14.21,0.7167,1.197,17.3,3.3375
1927-05,14.7,0.7233,1.186,17.4,3.336667
1927-06,14.89,0.73,1.175,17.6,3.335833
1927-07,15.22,0.7367,1.164,17.3,3.335
1927-08,16.03,0.7433,1.153,17.2,3.334167
1927-09,16.94,0.75,1.143,17.3,3.333333
1927-10,16.68,0.7567,1.132,17.4,3.3325
1927-11,17.06,0.7633,1.121,17.3,3.331667
1927-12,17.46,0.77,1.11,17.3,3.330833
1928-01,17.53,0.7767,1.133,17.3,3.33
1928-02,17.32,0.7833,1.155,17.1,3.3525
1928-03,18.25,0.79,1.177,17.1,3.375
1928-04,19.4,0.7967,1.2,17.1,3.3975
1928-05,20,0.8033,1.222,17.2,3.42
1928-06,19.02,0.81,1.245,17.1,3.4425
1928-07,19.16,0.8167,1.268,17.1,3.465
1928-08,19.78,0.8233,1.29,17.1,3.4875
1928-09,21.17,0.83,1.312,17.3,3.51
1928-10,21.6,0.8367,1.335,17.2,3.5325
1928-11,23.06,0.8433,1.357,17.2,3.555
1928-12,23.15,0.85,1.38,17.1,3.5775
1929-01,24.86,0.86,1.399,17.1,3.6
1929-02,24.99,0.87,1.418,17.1,3.574167
1929-03,25.43,0.88,1.438,17,3.548333
1929-04,25.28,0.89,1.457,16.9,3.5225
1929-05,25.66,0.9,1.476,17,3.496667
1929-06,26.15,0.91,1.495,17.1,3.470833
1929-07,28.48,0.92,1.514,17.3,3.445
1929-08,30.1,0.93,1.533,17.3,3.419167
1929-09,31.3,0.94,1.552,17.3,3.393333
1929-10,27.99,0.95,1.572,17.3,3.3675
1929-11,20.58,0.96,1.591,17.3,3.341667
1929-12,21.4,0.97,1.61,17.2,3.315833
1930-01,21.71,0.9708,1.557,17.1,3.29
1930-02,23.07,0.9717,1.503,17,3.294167
1930-03,23.94,0.9725,1.45,16.9,3.298333
1930-04,25.46,0.9733,1.397,17,3.3025
1930-05,23.94,0.9742,1.343,16.9,3.306667
1930-06,21.52,0.975,1.29,16.8,3.310833
1930-07,21.06,0.9758,1.237,16.6,3.315
1930-08,20.79,0.9767,1.183,16.5,3.319167
1930-09,20.78,0.9775,1.13,16.6,3.323333
1930-10,17.92,0.9783,1.077,16.5,3.3275
1930-11,16.62,0.9792,1.023,16.4,3.331667
1930-12,15.51,0.98,0.97,16.1,3.335833
1931-01,15.98,0.9667,0.94,15.9,3.34
1931-02,17.2,0.9533,0.91,15.7,3.368333
1931-03,17.53,0.94,0.88,15.6,3.396667
1931-04,15.86,0.9267,0.85,15.5,3.425
1931-05,14.33,0.9133,0.82,15.3,3.453333
1931-06,13.87,0.9,0.79,15.1,3.481667
1931-07,14.33,0.8867,0.76,15.1,3.51
1931-08,13.9,0.8733,0.73,15.1,3.538333
1931-09,11.83,0.86,0.7,15,3.566667
1931-10,10.25,0.8467,0.67,14.9,3.595
1931-11,10.39,0.8333,0.64,14.7,3.623333
1931-12,8.44,0.82,0.61,14.6,3.651667
1932-01,8.3,0.7933,0.5933,14.3,3.68
1932-02,8.23,0.7667,0.5767,14.1,3.649167
1932-03,8.26,0.74,0.56,14,3.618333
1932-04,6.28,0.7133,0.5433,13.9,3.5875
1932-05,5.51,0.6867,0.5267,13.7,3.556667
1932-06,4.77,0.66,0.51,13.6,3.525833
1932-07,5.01,0.6333,0.4933,13.6,3.495
1932-08,7.53,0.6067,0.4767,13.5,3.464167
1932-09,8.26,0.58,0.46,13.4,3.433333
1932-10,7.12,0.5533,0.4433,13.3,3.4025
1932-11,7.05,0.5267,0.4267,13.2,3.371667
1932-12,6.82,0.5,0.41,13.1,3.340833
1933-01,7.09,0.495,0.4125,12.9,3.31
1933-02,6.25,0.49,0.415,12.7,3.294167
1933-03,6.23,0.485,0.4175,12.6,3.278333
1933-04,6.89,0.48,0.42,12.6,3.2625
1933-05,8.87,0.475,0.4225,12.6,3.246667
1933-06,10.39,0.47,0.425,12.7,3.230833
1933-07,11.23,0.465,0.4275,13.1,3.215
1933-08,10.67,0.46,0.43,13.2,3.199167
1933-09,10.58,0.455,0.4325,13.2,3.183333
1933-10,9.55,0.45,0.435,13.2,3.1675
1933-11,9.78,0.445,0.4375,13.2,3.151667
1933-12,9.97,0.44,0.44,13.2,3.135833
1934-01,10.54,0.4408,0.4442,13.2,3.12
1934-02,11.32,0.4417,0.4483,13.3,3.0925
1934-03,10.74,0.4425,0.4525,13.3,3.065
1934-04,10.92,0.4433,0.4567,13.3,3.0375
1934-05,9.81,0.4442,0.4608,13.3,3.01
1934-06,9.94,0.445,0.465,13.4,2.9825
1934-07,9.47,0.4458,0.4692,13.4,2.955
1934-08,9.1,0.4467,0.4733,13.4,2.9275
1934-09,8.88,0.4475,0.4775,13.6,2.9
1934-10,8.95,0.4483,0.4817,13.5,2.8725
1934-11,9.2,0.4492,0.4858,13.5,2.845
1934-12,9.26,0.45,0.49,13.4,2.8175
1935-01,9.26,0.45,0.57,13.6,2.79
1935-02,8.98,0.45,0.65,13.7,2.778333
1935-03,8.41,0.45,0.73,13.7,2.766667
1935-04,9.04,0.446667,0.756667,13.8,2.755
1935-05,9.75,0.443333,0.783333,13.8,2.743333
1935-06,10.12,0.44,0.81,13.7,2.731667
1935-07,10.65,0.44,0.793333,13.7,2.72
1935-08,11.37,0.44,0.776667,13.7,2.708333
1935-09,11.61,0.44,0.76,13.7,2.696667
1935-10,11.92,0.45,0.76,13.7,2.685
1935-11,13.04,0.46,0.76,13.8,2.673333
1935-12,13.04,0.47,0.76,13.8,2.661667
1936-01,13.76,0.48,0.77,13.8,2.65
1936-02,14.55,0.49,0.78,13.8,2.6525
1936-03,14.86,0.5,0.79,13.7,2.655
1936-04,14.88,0.516667,0.82,13.7,2.6575
1936-05,14.09,0.533333,0.85,13.7,2.66
1936-06,14.69,0.55,0.88,13.8,2.6625
1936-07,15.56,0.57,0.9,13.9,2.665
1936-08,15.87,0.59,0.92,14,2.6675
1936-09,16.05,0.61,0.94,14,2.67
1936-10,16.89,0.646667,0.966667,14,2.6725
1936-11,17.36,0.683333,0.993333,14,2.675
1936-12,17.06,0.72,1.02,14,2.6775
1937-01,17.59,0.73,1.05,14.1,2.68
1937-02,18.11,0.74,1.08,14.1,2.67
1937-03,18.09,0.75,1.11,14.2,2.66
1937-04,17.01,0.78,1.13,14.3,2.65
1937-05,16.25,0.81,1.15,14.4,2.64
1937-06,15.64,0.84,1.17,14.4,2.63
1937-07,16.57,0.816667,1.18667,14.5,2.62
1937-08,16.74,0.793333,1.20333,14.5,2.61
1937-09,14.37,0.77,1.22,14.6,2.6
1937-10,12.28,0.78,1.19,14.6,2.59
1937-11,11.2,0.79,1.16,14.5,2.58
1937-12,11.02,0.8,1.13,14.4,2.57
1938-01,11.31,0.793333,1.07667,14.2,2.56
1938-02,11.04,0.786667,1.02333,14.1,2.543333
1938-03,10.31,0.78,0.97,14.1,2.526667
1938-04,9.89,0.766667,0.903333,14.2,2.51
1938-05,9.98,0.753333,0.836667,14.1,2.493333
1938-06,10.21,0.74,0.77,14.1,2.476667
1938-07,12.24,0.713333,0.72,14.1,2.46
1938-08,12.31,0.686667,0.67,14.1,2.443333
1938-09,11.75,0.66,0.62,14.1,2.426667
1938-10,13.06,0.61,0.626667,14,2.41
1938-11,13.07,0.56,0.633333,14,2.393333
1938-12,12.69,0.51,0.64,14,2.376667
1939-01,12.5,0.513333,0.663333,14,2.36
1939-02,12.4,0.516667,0.686667,13.9,2.3475
1939-03,12.39,0.52,0.71,13.9,2.335
1939-04,10.83,0.523333,0.726667,13.8,2.3225
1939-05,11.23,0.526667,0.743333,13.8,2.31
1939-06,11.43,0.53,0.76,13.8,2.2975
1939-07,11.71,0.54,0.776667,13.8,2.285
1939-08,11.54,0.55,0.793333,13.8,2.2725
1939-09,12.77,0.56,0.81,14.1,2.26
1939-10,12.9,0.58,0.84,14,2.2475
1939-11,12.67,0.6,0.87,14,2.235
1939-12,12.37,0.62,0.9,14,2.2225
1940-01,12.3,0.623333,0.93,13.9,2.21
1940-02,12.22,0.626667,0.96,14,2.188333
1940-03,12.15,0.63,0.99,14,2.166667
1940-04,12.27,0.636667,1.00667,14,2.145
1940-05,10.58,0.643333,1.02333,14,2.123333
1940-06,9.67,0.65,1.04,14.1,2.101667
1940-07,9.99,0.656667,1.05333,14,2.08
1940-08,10.2,0.663333,1.06667,14,2.058333
1940-09,10.63,0.67,1.08,14,2.036667
1940-10,10.73,0.67,1.07,14,2.015
1940-11,10.98,0.67,1.06,14,1.993333
1940-12,10.53,0.67,1.05,14.1,1.971667
1941-01,10.55,0.673333,1.05333,14.1,1.95
1941-02,9.89,0.676667,1.05667,14.1,1.9925
1941-03,9.95,0.68,1.06,14.2,2.035
1941-04,9.64,0.683333,1.07,14.3,2.0775
1941-05,9.43,0.686667,1.08,14.4,2.12
1941-06,9.76,0.69,1.09,14.7,2.1625
1941-07,10.26,0.693333,1.12333,14.7,2.205
1941-08,10.21,0.696667,1.15667,14.9,2.2475
1941-09,10.24,0.7,1.19,15.1,2.29
1941-10,9.83,0.703333,1.18,15.3,2.3325
1941-11,9.37,0.706667,1.17,15.4,2.375
1941-12,8.76,0.71,1.16,15.5,2.4175
1942-01,8.93,0.703333,1.12,15.7,2.46
1942-02,8.65,0.696667,1.08,15.8,2.460833
1942-03,8.18,0.69,1.04,16,2.461667
1942-04,7.84,0.68,1.02,16.1,2.4625
1942-05,7.93,0.67,1,16.3,2.463333
1942-06,8.33,0.66,0.98,16.3,2.464167
1942-07,8.64,0.646667,0.966667,16.4,2.465
1942-08,8.59,0.633333,0.953333,16.5,2.465833
1942-09,8.68,0.62,0.94,16.5,2.466667
1942-10,9.32,0.61,0.97,16.7,2.4675
1942-11,9.47,0.6,1,16.8,2.468333
1942-12,9.52,0.59,1.03,16.9,2.469167
1943-01,10.09,0.59,1.04333,16.9,2.47
1943-02,10.69,0.59,1.05667,16.9,2.470833
1943-03,11.07,0.59,1.07,17.2,2.471667
1943-04,11.44,0.59,1.08,17.4,2.4725
1943-05,11.89,0.59,1.09,17.5,2.473333
1943-06,12.1,0.59,1.1,17.5,2.474167
1943-07,12.35,0.593333,1.09333,17.4,2.475
1943-08,11.74,0.596667,1.08667,17.3,2.475833
1943-09,11.99,0.6,1.08,17.4,2.476667
1943-10,11.88,0.603333,1.03333,17.4,2.4775
1943-11,11.33,0.606667,0.986667,17.4,2.478333
1943-12,11.48,0.61,0.94,17.4,2.479167
1944-01,11.85,0.613333,0.936667,17.4,2.48
1944-02,11.77,0.616667,0.933333,17.4,2.470833
1944-03,12.1,0.62,0.93,17.4,2.461667
1944-04,11.89,0.623333,0.926667,17.5,2.4525
1944-05,12.1,0.626667,0.923333,17.5,2.443333
1944-06,12.67,0.63,0.92,17.6,2.434167
1944-07,13,0.633333,0.913333,17.7,2.425
1944-08,12.81,0.636667,0.906667,17.7,2.415833
1944-09,12.6,0.64,0.9,17.7,2.406667
1944-10,12.91,0.64,0.91,17.7,2.3975
1944-11,12.82,0.64,0.92,17.7,2.388333
1944-12,13.1,0.64,0.93,17.8,2.379167
1945-01,13.49,0.643333,0.94,17.8,2.37
1945-02,13.94,0.646667,0.95,17.8,2.355
1945-03,13.93,0.65,0.96,17.8,2.34
1945-04,14.28,0.65,0.973333,17.8,2.325
1945-05,14.82,0.65,0.986667,17.9,2.31
1945-06,15.09,0.65,1,18.1,2.295
1945-07,14.78,0.653333,0.996667,18.1,2.28
1945-08,14.83,0.656667,0.993333,18.1,2.265
1945-09,15.84,0.66,0.99,18.1,2.25
1945-10,16.5,0.66,0.98,18.1,2.235
1945-11,17.04,0.66,0.97,18.1,2.22
1945-12,17.33,0.66,0.96,18.2,2.205
1946-01,18.02,0.666667,0.94,18.2,2.19
1946-02,18.07,0.673333,0.92,18.1,2.195
1946-03,17.53,0.68,0.9,18.3,2.2
1946-04,18.66,0.68,0.88,18.4,2.205
1946-05,18.7,0.68,0.86,18.5,2.21
1946-06,18.58,0.68,0.84,18.7,2.215
1946-07,18.05,0.683333,0.856667,19.8,2.22
1946-08,17.7,0.686667,0.873333,20.2,2.225
1946-09,15.09,0.69,0.89,20.4,2.23
1946-10,14.75,0.696667,0.946667,20.8,2.235
1946-11,14.69,0.703333,1.00333,21.3,2.24
1946-12,15.13,0.71,1.06,21.5,2.245
1947-01,15.21,0.713333,1.13,21.5,2.25
1947-02,15.8,0.716667,1.2,21.5,2.265833
1947-03,15.16,0.72,1.27,21.9,2.281667
1947-04,14.6,0.733333,1.32667,21.9,2.2975
1947-05,14.34,0.746667,1.38333,21.9,2.313333
1947-06,14.84,0.76,1.44,22,2.329167
1947-07,15.77,0.77,1.47667,22.2,2.345
1947-08,15.46,0.78,1.51333,22.5,2.360833
1947-09,15.06,0.79,1.55,23,2.376667
1947-10,15.45,0.806667,1.57,23,2.3925
1947-11,15.27,0.823333,1.59,23.1,2.408333
1947-12,15.03,0.84,1.61,23.4,2.424167
1948-01,14.83,0.843333,1.64333,23.7,2.44
1948-02,14.1,0.846667,1.67667,23.5,2.429167
1948-03,14.3,0.85,1.71,23.4,2.418333
1948-04,15.4,0.85,1.76,23.8,2.4075
1948-05,16.15,0.85,1.81,23.9,2.396667
1948-06,16.82,0.85,1.86,24.1,2.385833
1948-07,16.42,0.856667,1.93,24.4,2.375
1948-08,15.94,0.863333,2,24.5,2.364167
1948-09,15.76,0.87,2.07,24.5,2.353333
1948-10,16.19,0.89,2.14333,24.4,2.3425
1948-11,15.29,0.91,2.21667,24.2,2.331667
1948-12,15.19,0.93,2.29,24.1,2.320833
1949-01,15.36,0.946667,2.32,24,2.31
1949-02,14.77,0.963333,2.35,23.8,2.310833
1949-03,14.91,0.98,2.38,23.8,2.311667
1949-04,14.89,0.993333,2.38667,23.9,2.3125
1949-05,14.78,1.00667,2.39333,23.8,2.313333
1949-06,13.97,1.02,2.4,23.9,2.314167
1949-07,14.76,1.02667,2.39667,23.7,2.315
1949-08,15.29,1.03333,2.39333,23.8,2.315833
1949-09,15.49,1.04,2.39,23.9,2.316667
1949-10,15.89,1.07333,2.36667,23.7,2.3175
1949-11,16.11,1.10667,2.34333,23.8,2.318333
1949-12,16.54,1.14,2.32,23.6,2.319167
1950-01,16.88,1.15,2.33667,23.5,2.32
1950-02,17.21,1.16,2.35333,23.5,2.340833
1950-03,17.35,1.17,2.37,23.6,2.361667
1950-04,17.84,1.18,2.42667,23.6,2.3825
1950-05,18.44,1.19,2.48333,23.7,2.403333
1950-06,18.74,1.2,2.54,23.8,2.424167
1950-07,17.38,1.24333,2.6,24.1,2.445
1950-08,18.43,1.28667,2.66,24.3,2.465833
1950-09,19.08,1.33,2.72,24.4,2.486667
1950-10,19.87,1.37667,2.76,24.6,2.5075
1950-11,19.83,1.42333,2.8,24.7,2.528333
1950-12,19.75,1.47,2.84,25,2.549167
1951-01,21.21,1.48667,2.83667,25.4,2.57
1951-02,22,1.50333,2.83333,25.7,2.579167
1951-03,21.63,1.52,2.83,25.8,2.588333
1951-04,21.92,1.53333,2.79333,25.8,2.5975
1951-05,21.93,1.54667,2.75667,25.9,2.606667
1951-06,21.55,1.56,2.72,25.9,2.615833
1951-07,21.93,1.54667,2.65,25.9,2.625
1951-08,22.89,1.53333,2.58,25.9,2.634167
1951-09,23.48,1.52,2.51,26.1,2.643333
1951-10,23.36,1.48333,2.48667,26.2,2.6525
1951-11,22.71,1.44667,2.46333,26.4,2.661667
1951-12,23.41,1.41,2.44,26.5,2.670833
1952-01,24.19,1.41333,2.42667,26.5,2.68
1952-02,23.75,1.41667,2.41333,26.3,2.6925
1952-03,23.81,1.42,2.4,26.3,2.705
1952-04,23.74,1.43,2.38,26.4,2.7175
1952-05,23.73,1.44,2.36,26.4,2.73
1952-06,24.38,1.45,2.34,26.5,2.7425
1952-07,25.08,1.45,2.34667,26.7,2.755
1952-08,25.18,1.45,2.35333,26.7,2.7675
1952-09,24.78,1.45,2.36,26.7,2.78
1952-10,24.26,1.43667,2.37333,26.7,2.7925
1952-11,25.03,1.42333,2.38667,26.7,2.805
1952-12,26.04,1.41,2.4,26.7,2.8175
1953-01,26.18,1.41,2.41,26.6,2.83
1953-02,25.86,1.41,2.42,26.5,2.800833
1953-03,25.99,1.41,2.43,26.6,2.771667
1953-04,24.71,1.41333,2.45667,26.6,2.83
1953-05,24.84,1.41667,2.48333,26.7,3.05
1953-06,23.95,1.42,2.51,26.8,3.11
1953-07,24.29,1.42,2.52333,26.8,2.93
1953-08,24.39,1.42,2.53667,26.9,2.95
1953-09,23.27,1.42,2.55,26.9,2.87
1953-10,23.97,1.43,2.53667,27,2.66
1953-11,24.5,1.44,2.52333,26.9,2.68
1953-12,24.83,1.45,2.51,26.9,2.59
1954-01,25.46,1.45667,2.52333,26.9,2.48
1954-02,26.02,1.46333,2.53667,26.9,2.47
1954-03,26.57,1.47,2.55,26.9,2.37
1954-04,27.63,1.46333,2.57333,26.8,2.29
1954-05,28.73,1.45667,2.59667,26.9,2.37
1954-06,28.96,1.45,2.62,26.9,2.38
1954-07,30.13,1.45667,2.62333,26.9,2.3
1954-08,30.73,1.46333,2.62667,26.9,2.36
1954-09,31.45,1.47,2.63,26.8,2.38
1954-10,32.18,1.49333,2.67667,26.8,2.43
1954-11,33.44,1.51667,2.72333,26.8,2.48
1954-12,34.97,1.54,2.77,26.7,2.51
1955-01,35.6,1.54667,2.83333,26.7,2.61
1955-02,36.79,1.55333,2.89667,26.7,2.65
1955-03,36.5,1.56,2.96,26.7,2.68
1955-04,37.76,1.56333,3.04667,26.7,2.75
1955-05,37.6,1.56667,3.13333,26.7,2.76
1955-06,39.78,1.57,3.22,26.7,2.78
1955-07,42.69,1.58667,3.29333,26.8,2.9
1955-08,42.43,1.60333,3.36667,26.8,2.97
1955-09,44.34,1.62,3.44,26.9,2.97
1955-10,42.11,1.62667,3.5,26.9,2.88
1955-11,44.95,1.63333,3.56,26.9,2.89
1955-12,45.37,1.64,3.62,26.8,2.96
1956-01,44.15,1.67,3.64333,26.8,2.9
1956-02,44.43,1.7,3.66667,26.8,2.84
1956-03,47.49,1.73,3.69,26.8,2.96
1956-04,48.05,1.75333,3.66,26.9,3.18
1956-05,46.54,1.77667,3.63,27,3.07
1956-06,46.27,1.8,3.6,27.2,3
1956-07,48.78,1.81333,3.55333,27.4,3.11
1956-08,48.49,1.82667,3.50667,27.3,3.33
1956-09,46.84,1.84,3.46,27.4,3.38
1956-10,46.24,1.80667,3.44333,27.5,3.34
1956-11,45.76,1.77333,3.42667,27.5,3.49
1956-12,46.44,1.74,3.41,27.6,3.59
1957-01,45.43,1.73667,3.40667,27.6,3.46
1957-02,43.47,1.73333,3.40333,27.7,3.34
1957-03,44.03,1.73,3.4,27.8,3.41
1957-04,45.05,1.73,3.40667,27.9,3.48
1957-05,46.78,1.73,3.41333,28,3.6
1957-06,47.55,1.73,3.42,28.1,3.8
1957-07,48.51,1.74,3.43667,28.3,3.93
1957-08,45.84,1.75,3.45333,28.3,3.93
1957-09,43.98,1.76,3.47,28.3,3.92
1957-10,41.24,1.77,3.43667,28.3,3.97
1957-11,40.35,1.78,3.40333,28.4,3.72
1957-12,40.33,1.79,3.37,28.4,3.21
1958-01,41.12,1.78333,3.29333,28.6,3.09
1958-02,41.26,1.77667,3.21667,28.6,3.05
1958-03,42.11,1.77,3.14,28.8,2.98
1958-04,42.34,1.75667,3.07,28.9,2.88
1958-05,43.7,1.74333,3,28.9,2.92
1958-06,44.75,1.73,2.93,28.9,2.97
1958-07,45.98,1.73,2.91333,29,3.2
1958-08,47.7,1.73,2.89667,28.9,3.54
1958-09,48.96,1.73,2.88,28.9,3.76
1958-10,50.95,1.73667,2.88333,28.9,3.8
1958-11,52.5,1.74333,2.88667,29,3.74
1958-12,53.49,1.75,2.89,28.9,3.86
1959-01,55.62,1.75667,2.96333,29,4.02
1959-02,54.77,1.76333,3.03667,28.9,3.96
1959-03,56.16,1.77,3.11,28.9,3.99
1959-04,57.1,1.77667,3.20667,29,4.12
1959-05,57.96,1.78333,3.30333,29,4.31
1959-06,57.46,1.79,3.4,29.1,4.34
1959-07,59.74,1.79667,3.41,29.2,4.4
1959-08,59.4,1.80333,3.42,29.2,4.43
1959-09,57.05,1.81,3.43,29.3,4.68
1959-10,57,1.81667,3.41667,29.4,4.53
1959-11,57.23,1.82333,3.40333,29.4,4.53
1959-12,59.06,1.83,3.39,29.4,4.69
1960-01,58.03,1.86667,3.39,29.3,4.72
1960-02,55.78,1.90333,3.39,29.4,4.49
1960-03,55.02,1.94,3.39,29.4,4.25
1960-04,55.73,1.94333,3.34667,29.5,4.28
1960-05,55.22,1.94667,3.30333,29.5,4.35
1960-06,57.26,1.95,3.26,29.6,4.15
1960-07,55.84,1.95,3.26333,29.6,3.9
1960-08,56.51,1.95,3.26667,29.6,3.8
1960-09,54.81,1.95,3.27,29.6,3.8
1960-10,53.73,1.95,3.27,29.8,3.89
1960-11,55.47,1.95,3.27,29.8,3.93
1960-12,56.8,1.95,3.27,29.8,3.84
1961-01,59.72,1.94667,3.21,29.8,3.84
1961-02,62.17,1.94333,3.15,29.8,3.78
1961-03,64.12,1.94,3.09,29.8,3.74
1961-04,65.83,1.94,3.07,29.8,3.78
1961-05,66.5,1.94,3.05,29.8,3.71
1961-06,65.62,1.94,3.03,29.8,3.88
1961-07,65.44,1.94667,3.03667,30,3.92
1961-08,67.79,1.95333,3.04333,29.9,4.04
1961-09,67.26,1.96,3.05,30,3.98
1961-10,68,1.98,3.09667,30,3.92
1961-11,71.08,2,3.14333,30,3.94
1961-12,71.74,2.02,3.19,30,4.06
1962-01,69.07,2.02667,3.25,30,4.08
1962-02,70.22,2.03333,3.31,30.1,4.04
1962-03,70.29,2.04,3.37,30.1,3.93
1962-04,68.05,2.04667,3.40333,30.2,3.84
1962-05,62.99,2.05333,3.43667,30.2,3.87
1962-06,55.63,2.06,3.47,30.2,3.91
1962-07,56.97,2.06667,3.49,30.3,4.01
1962-08,58.52,2.07333,3.51,30.3,3.98
1962-09,58,2.08,3.53,30.4,3.98
1962-10,56.17,2.09667,3.57667,30.4,3.93
1962-11,60.04,2.11333,3.62333,30.4,3.92
1962-12,62.64,2.13,3.67,30.4,3.86
1963-01,65.06,2.13667,3.68333,30.4,3.83
1963-02,65.92,2.14333,3.69667,30.4,3.92
1963-03,65.67,2.15,3.71,30.5,3.93
1963-04,68.76,2.16667,3.75333,30.5,3.97
1963-05,70.14,2.18333,3.79667,30.5,3.93
1963-06,70.11,2.2,3.84,30.6,3.99
1963-07,69.07,2.20333,3.88,30.7,4.02
1963-08,70.98,2.20667,3.92,30.7,4
1963-09,72.85,2.21,3.96,30.7,4.08
1963-10,73.03,2.23333,3.98,30.8,4.11
1963-11,72.62,2.25667,4,30.8,4.12
1963-12,74.17,2.28,4.02,30.9,4.13
1964-01,76.45,2.29667,4.07333,30.9,4.17
1964-02,77.39,2.31333,4.12667,30.9,4.15
1964-03,78.8,2.33,4.18,30.9,4.22
1964-04,79.94,2.34667,4.23,30.9,4.23
1964-05,80.72,2.36333,4.28,30.9,4.2
1964-06,80.24,2.38,4.33,31,4.17
1964-07,83.22,2.4,4.37667,31.1,4.19
1964-08,82,2.42,4.42333,31,4.19
1964-09,83.41,2.44,4.47,31.1,4.2
1964-10,84.85,2.46,4.49667,31.1,4.19
1964-11,85.44,2.48,4.52333,31.2,4.15
1964-12,83.96,2.5,4.55,31.2,4.18
1965-01,86.12,2.51667,4.59333,31.2,4.19
1965-02,86.75,2.53333,4.63667,31.2,4.21
1965-03,86.83,2.55,4.68,31.3,4.21
1965-04,87.97,2.57,4.73333,31.4,4.2
1965-05,89.28,2.59,4.78667,31.4,4.21
1965-06,85.04,2.61,4.84,31.6,4.21
1965-07,84.91,2.62667,4.88667,31.6,4.2
1965-08,86.49,2.64333,4.93333,31.6,4.25
1965-09,89.38,2.66,4.98,31.6,4.29
1965-10,91.39,2.68,5.05,31.7,4.35
1965-11,92.15,2.7,5.12,31.7,4.45
1965-12,91.73,2.72,5.19,31.8,4.62
1966-01,93.32,2.74,5.24,31.8,4.61
1966-02,92.69,2.76,5.29,32,4.83
1966-03,88.88,2.78,5.34,32.1,4.87
1966-04,91.6,2.79667,5.38,32.3,4.75
1966-05,86.78,2.81333,5.42,32.3,4.78
1966-06,86.06,2.83,5.46,32.4,4.81
1966-07,85.84,2.85,5.47667,32.5,5.02
1966-08,80.65,2.87,5.49333,32.7,5.22
1966-09,77.81,2.89,5.51,32.7,5.18
1966-10,77.13,2.88333,5.52333,32.9,5.01
1966-11,80.99,2.87667,5.53667,32.9,5.16
1966-12,81.33,2.87,5.55,32.9,4.84
1967-01,84.45,2.88,5.51667,32.9,4.58
1967-02,87.36,2.89,5.48333,32.9,4.63
1967-03,89.42,2.9,5.45,33,4.54
1967-04,90.96,2.9,5.41,33.1,4.59
1967-05,92.59,2.9,5.37,33.2,4.85
1967-06,91.43,2.9,5.33,33.3,5.02
1967-07,93.01,2.90667,5.32,33.4,5.16
1967-08,94.49,2.91333,5.31,33.5,5.28
1967-09,95.81,2.92,5.3,33.6,5.3
1967-10,95.66,2.92,5.31,33.7,5.48
1967-11,92.66,2.92,5.32,33.8,5.75
1967-12,95.3,2.92,5.33,33.9,5.7
1968-01,95.04,2.93,5.36667,34.1,5.53
1968-02,90.75,2.94,5.40333,34.2,5.56
1968-03,89.09,2.95,5.44,34.3,5.74
1968-04,95.67,2.96333,5.48333,34.4,5.64
1968-05,97.87,2.97667,5.52667,34.5,5.87
1968-06,100.5,2.99,5.57,34.7,5.72
1968-07,100.3,3.00333,5.6,34.9,5.5
1968-08,98.11,3.01667,5.63,35,5.42
1968-09,101.3,3.03,5.66,35.1,5.46
1968-10,103.8,3.04333,5.69333,35.3,5.58
1968-11,105.4,3.05667,5.72667,35.4,5.7
1968-12,106.5,3.07,5.76,35.5,6.03
1969-01,102,3.08,5.78,35.6,6.04
1969-02,101.5,3.09,5.8,35.8,6.19
1969-03,99.3,3.1,5.82,36.1,6.3
1969-04,101.3,3.11,5.82667,36.3,6.17
1969-05,104.6,3.12,5.83333,36.4,6.32
1969-06,99.14,3.13,5.84,36.6,6.57
1969-07,94.71,3.13667,5.85667,36.8,6.72
1969-08,94.18,3.14333,5.87333,37,6.69
1969-09,94.51,3.15,5.89,37.1,7.16
1969-10,95.52,3.15333,5.85333,37.3,7.1
1969-11,96.21,3.15667,5.81667,37.5,7.14
1969-12,91.11,3.16,5.78,37.7,7.65
1970-01,90.31,3.16333,5.73,37.8,7.79
1970-02,87.16,3.16667,5.68,38,7.24
1970-03,88.65,3.17,5.63,38.2,7.07
1970-04,85.95,3.17333,5.59333,38.5,7.39
1970-05,76.06,3.17667,5.55667,38.6,7.91
1970-06,75.59,3.18,5.52,38.8,7.84
1970-07,75.72,3.18333,5.46667,39,7.46
1970-08,77.92,3.18667,5.41333,39,7.53
1970-09,82.58,3.19,5.36,39.2,7.39
1970-10,84.37,3.17333,5.28333,39.4,7.33
1970-11,84.28,3.15667,5.20667,39.6,6.84
1970-12,90.05,3.14,5.13,39.8,6.39
1971-01,93.49,3.13,5.16,39.8,6.24
1971-02,97.11,3.12,5.19,39.9,6.11
1971-03,99.6,3.11,5.22,40,5.7
1971-04,103,3.10667,5.25333,40.1,5.83
1971-05,101.6,3.10333,5.28667,40.3,6.39
1971-06,99.72,3.1,5.32,40.6,6.52
1971-07,99,3.09667,5.35667,40.7,6.73
1971-08,97.24,3.09333,5.39333,40.8,6.58
1971-09,99.4,3.09,5.43,40.8,6.14
1971-10,97.29,3.08333,5.52,40.9,5.93
1971-11,92.78,3.07667,5.61,40.9,5.81
1971-12,99.17,3.07,5.7,41.1,5.93
1972-01,103.3,3.07,5.73667,41.1,5.95
1972-02,105.2,3.07,5.77333,41.3,6.08
1972-03,107.7,3.07,5.81,41.4,6.07
1972-04,108.8,3.07,5.86333,41.5,6.19
1972-05,107.7,3.07,5.91667,41.6,6.13
1972-06,108,3.07,5.97,41.7,6.11
1972-07,107.2,3.07333,6.02667,41.9,6.11
1972-08,111,3.07667,6.08333,42,6.21
1972-09,109.4,3.08,6.14,42.1,6.55
1972-10,109.6,3.10333,6.23333,42.3,6.48
1972-11,115.1,3.12667,6.32667,42.4,6.28
1972-12,117.5,3.15,6.42,42.5,6.36
1973-01,118.4,3.15667,6.54667,42.6,6.46
1973-02,114.2,3.16333,6.67333,42.9,6.64
1973-03,112.4,3.17,6.8,43.3,6.71
1973-04,110.3,3.18667,6.94333,43.6,6.67
1973-05,107.2,3.20333,7.08667,43.9,6.85
1973-06,104.8,3.22,7.23,44.2,6.9
1973-07,105.8,3.23667,7.38333,44.3,7.13
1973-08,103.8,3.25333,7.53667,45.1,7.4
1973-09,105.6,3.27,7.69,45.2,7.09
1973-10,109.8,3.30667,7.84667,45.6,6.79
1973-11,102,3.34333,8.00333,45.9,6.73
1973-12,94.78,3.38,8.16,46.2,6.74
1974-01,96.11,3.4,8.22667,46.6,6.99
1974-02,93.45,3.42,8.29333,47.2,6.96
1974-03,97.44,3.44,8.36,47.8,7.21
1974-04,92.46,3.46,8.48667,48,7.51
1974-05,89.67,3.48,8.61333,48.6,7.58
1974-06,89.79,3.5,8.74,49,7.54
1974-07,79.31,3.53,8.86333,49.4,7.81
1974-08,76.03,3.56,8.98667,50,8.04
1974-09,68.12,3.59,9.11,50.6,8.04
1974-10,69.44,3.59333,9.03667,51.1,7.9
1974-11,71.74,3.59667,8.96333,51.5,7.68
1974-12,67.07,3.6,8.89,51.9,7.43
1975-01,72.56,3.62333,8.74333,52.1,7.5
1975-02,80.1,3.64667,8.59667,52.5,7.39
1975-03,83.78,3.67,8.45,52.7,7.73
1975-04,84.72,3.68333,8.28667,52.9,8.23
1975-05,90.1,3.69667,8.12333,53.2,8.06
1975-06,92.4,3.71,7.96,53.6,7.86
1975-07,92.49,3.71,7.89333,54.2,8.06
1975-08,85.71,3.71,7.82667,54.3,8.4
1975-09,84.67,3.71,7.76,54.6,8.43
1975-10,88.57,3.7,7.82667,54.9,8.14
1975-11,90.07,3.69,7.89333,55.3,8.05
1975-12,88.7,3.68,7.96,55.5,8
1976-01,96.86,3.68333,8.19333,55.6,7.74
1976-02,100.6,3.68667,8.42667,55.8,7.79
1976-03,101.1,3.69,8.66,55.9,7.73
1976-04,101.9,3.71333,8.85667,56.1,7.56
1976-05,101.2,3.73667,9.05333,56.5,7.9
1976-06,101.8,3.76,9.25,56.8,7.86
1976-07,104.2,3.79,9.35,57.1,7.83
1976-08,103.3,3.82,9.45,57.4,7.77
1976-09,105.5,3.85,9.55,57.6,7.59
1976-10,101.9,3.91667,9.67,57.9,7.41
1976-11,101.2,3.98333,9.79,58,7.29
1976-12,104.7,4.05,9.91,58.2,6.87
1977-01,103.8,4.09667,9.96667,58.5,7.21
1977-02,101,4.14333,10.0233,59.1,7.39
1977-03,100.6,4.19,10.08,59.5,7.46
1977-04,99.05,4.24667,10.1933,60,7.37
1977-05,98.76,4.30333,10.3067,60.3,7.46
1977-06,99.29,4.36,10.42,60.7,7.28
1977-07,100.2,4.40667,10.5167,61,7.33
1977-08,97.75,4.45333,10.6133,61.2,7.4
1977-09,96.23,4.5,10.71,61.4,7.34
1977-10,93.74,4.55667,10.77,61.6,7.52
1977-11,94.28,4.61333,10.83,61.9,7.58
1977-12,93.82,4.67,10.89,62.1,7.69
1978-01,90.25,4.71333,10.9,62.5,7.96
1978-02,88.98,4.75667,10.91,62.9,8.03
1978-03,88.82,4.8,10.92,63.4,8.04
1978-04,92.71,4.83667,11.0233,63.9,8.15
1978-05,97.41,4.87333,11.1267,64.5,8.35
1978-06,97.66,4.91,11.23,65.2,8.46
1978-07,97.19,4.94667,11.3433,65.7,8.64
1978-08,103.9,4.98333,11.4567,66,8.41
1978-09,103.9,5.02,11.57,66.5,8.42
1978-10,100.6,5.03667,11.8233,67.1,8.64
1978-11,94.71,5.05333,12.0767,67.4,8.81
1978-12,96.11,5.07,12.33,67.7,9.01
1979-01,99.71,5.11333,12.6533,68.3,9.1
1979-02,98.23,5.15667,12.9767,69.1,9.1
1979-03,100.1,5.2,13.3,69.8,9.12
1979-04,102.1,5.24667,13.5267,70.6,9.18
1979-05,99.73,5.29333,13.7533,71.5,9.25
1979-06,101.7,5.34,13.98,72.3,8.91
1979-07,102.7,5.39667,14.1967,73.1,8.95
1979-08,107.4,5.45333,14.4133,73.8,9.03
1979-09,108.6,5.51,14.63,74.6,9.33
1979-10,104.5,5.55667,14.7067,75.2,10.3
1979-11,103.7,5.60333,14.7833,75.9,10.65
1979-12,107.8,5.65,14.86,76.7,10.39
1980-01,110.9,5.7,15.0033,77.8,10.8
1980-02,115.3,5.75,15.1467,78.9,12.41
1980-03,104.7,5.8,15.29,80.1,12.75
1980-04,103,5.84667,15.1733,81,11.47
1980-05,107.7,5.89333,15.0567,81.8,10.18
1980-06,114.6,5.94,14.94,82.7,9.78
1980-07,119.8,5.98333,14.84,82.7,10.25
1980-08,123.5,6.02667,14.74,83.3,11.1
1980-09,126.5,6.07,14.64,84,11.51
1980-10,130.2,6.1,14.7,84.8,11.75
1980-11,135.7,6.13,14.76,85.5,12.68
1980-12,133.5,6.16,14.82,86.3,12.84
1981-01,133,6.2,14.74,87,12.57
1981-02,128.4,6.24,14.66,87.9,13.19
1981-03,133.2,6.28,14.58,88.5,13.12
1981-04,134.4,6.31667,14.7233,89.1,13.68
1981-05,131.7,6.35333,14.8667,89.8,14.1
1981-06,132.3,6.39,15.01,90.6,13.47
1981-07,129.1,6.43333,15.0967,91.6,14.28
1981-08,129.6,6.47667,15.1833,92.3,14.94
1981-09,118.3,6.52,15.27,93.2,15.32
1981-10,119.8,6.55667,15.3,93.4,15.15
1981-11,122.9,6.59333,15.33,93.7,13.39
1981-12,123.8,6.63,15.36,94,13.72
1982-01,117.3,6.66,15.1767,94.3,14.59
1982-02,114.5,6.69,14.9933,94.6,14.43
1982-03,110.8,6.72,14.81,94.5,13.86
1982-04,116.3,6.75,14.5967,94.9,13.87
1982-05,116.4,6.78,14.3833,95.8,13.62
1982-06,109.7,6.81,14.17,97,14.3
1982-07,109.4,6.82333,13.9667,97.5,13.95
1982-08,109.7,6.83667,13.7633,97.7,13.06
1982-09,122.4,6.85,13.56,97.9,12.34
1982-10,132.7,6.85667,13.2533,98.2,10.91
1982-11,138.1,6.86333,12.9467,98,10.55
1982-12,139.4,6.87,12.64,97.6,10.54
1983-01,144.3,6.88333,12.5667,97.8,10.46
1983-02,146.8,6.89667,12.4933,97.9,10.72
1983-03,151.9,6.91,12.42,97.9,10.51
1983-04,157.7,6.92,12.4767,98.6,10.4
1983-05,164.1,6.93,12.5333,99.2,10.38
1983-06,166.4,6.94,12.59,99.5,10.85
1983-07,167,6.96,12.8267,99.9,11.38
1983-08,162.4,6.98,13.0633,100.2,11.85
1983-09,167.2,7,13.3,100.7,11.65
1983-10,167.7,7.03,13.5433,101,11.54
1983-11,165.2,7.06,13.7867,101.2,11.69
1983-12,164.4,7.09,14.03,101.3,11.83
1984-01,166.4,7.12,14.44,101.9,11.67
1984-02,157.3,7.15,14.85,102.4,11.84
1984-03,157.4,7.18,15.26,102.6,12.32
1984-04,157.6,7.22333,15.5733,103.1,12.63
1984-05,156.6,7.26667,15.8867,103.4,13.41
1984-06,153.1,7.31,16.2,103.7,13.56
1984-07,151.1,7.33333,16.32,104.1,13.36
1984-08,164.4,7.35667,16.44,104.5,12.72
1984-09,166.1,7.38,16.56,105,12.52
1984-10,164.8,7.43,16.5867,105.3,12.16
1984-11,166.3,7.48,16.6133,105.3,11.57
1984-12,164.5,7.53,16.64,105.3,11.5
1985-01,171.6,7.57333,16.5567,105.5,11.38
1985-02,180.9,7.61667,16.4733,106,11.51
1985-03,179.4,7.66,16.39,106.4,11.86
1985-04,180.6,7.68667,16.13,106.9,11.43
1985-05,184.9,7.71333,15.87,107.3,10.85
1985-06,188.9,7.74,15.61,107.6,10.16
1985-07,192.5,7.77333,15.4833,107.8,10.31
1985-08,188.3,7.80667,15.3567,108,10.33
1985-09,184.1,7.84,15.23,108.3,10.37
1985-10,186.2,7.86,15.0233,108.7,10.24
1985-11,197.5,7.88,14.8167,109,9.78
1985-12,207.3,7.9,14.61,109.3,9.26
1986-01,208.2,7.94,14.58,109.6,9.19
1986-02,219.4,7.98,14.55,109.3,8.7
1986-03,232.3,8.02,14.52,108.8,7.78
1986-04,238,8.04667,14.5833,108.6,7.3
1986-05,238.5,8.07333,14.6467,108.9,7.71
1986-06,245.3,8.1,14.71,109.5,7.8
1986-07,240.2,8.14333,14.7567,109.5,7.3
1986-08,245,8.18667,14.8033,109.7,7.17
1986-09,238.3,8.23,14.85,110.2,7.45
1986-10,237.4,8.24667,14.7267,110.3,7.43
1986-11,245.1,8.26333,14.6033,110.4,7.25
1986-12,248.6,8.28,14.48,110.5,7.11
1987-01,264.5,8.3,14.6867,111.2,7.08
1987-02,280.9,8.32,14.8933,111.6,7.25
1987-03,292.5,8.34,15.1,112.1,7.25
1987-04,289.3,8.4,14.8733,112.7,8.02
1987-05,289.1,8.46,14.6467,113.1,8.61
1987-06,301.4,8.52,14.42,113.5,8.4
1987-07,310.1,8.56667,14.9,113.8,8.45
1987-08,329.4,8.61333,15.38,114.4,8.76
1987-09,318.7,8.66,15.86,115,9.42
1987-10,280.2,8.71,16.4067,115.3,9.52
1987-11,245,8.76,16.9533,115.4,8.86
1987-12,241,8.81,17.5,115.4,8.99
1988-01,250.5,8.85667,17.8633,115.7,8.67
1988-02,258.1,8.90333,18.2267,116,8.21
1988-03,265.7,8.95,18.59,116.5,8.37
1988-04,262.6,9.04333,19.6167,117.1,8.72
1988-05,256.1,9.13667,20.6433,117.5,9.09
1988-06,270.7,9.23,21.67,118,8.92
1988-07,269.1,9.30667,22.0233,118.5,9.06
1988-08,263.7,9.38333,22.3767,119,9.26
1988-09,268,9.46,22.73,119.8,8.98
1988-10,277.4,9.55,23.0733,120.2,8.8
1988-11,271,9.64,23.4167,120.3,8.96
1988-12,276.5,9.75,23.75,120.5,9.11
1989-01,285.4,9.81333,24.16,121.1,9.09
1989-02,294,9.89667,24.56,121.6,9.17
1989-03,292.7,10.01,24.96,122.3,9.36
1989-04,302.3,10.0867,25.0467,123.1,9.18
1989-05,313.9,10.1933,25.1333,123.8,8.86
1989-06,323.7,10.37,25.22,124.1,8.28
1989-07,331.9,10.4233,24.71,124.4,8.02
1989-08,346.6,10.5467,24.2,124.6,8.11
1989-09,347.3,10.73,23.69,125,8.19
1989-10,347.4,10.7967,23.4267,125.6,8.01
1989-11,340.2,10.9233,23.1633,125.9,7.87
1989-12,348.6,11.06,22.87,126.1,7.84
1990-01,339.97,11.14,22.49,127.4,8.21
1990-02,330.45,11.23,22.08,128,8.47
1990-03,338.46,11.32,21.67,128.7,8.59
1990-04,338.18,11.4367,21.5333,128.9,8.79
1990-05,350.25,11.5533,21.3967,129.2,8.76
1990-06,360.39,11.66,21.26,129.9,8.48
1990-07,360.03,11.7267,21.42,130.4,8.47
1990-08,330.75,11.7833,21.58,131.6,8.75
1990-09,315.41,11.83,21.74,132.7,8.89
1990-10,307.12,11.9267,21.6067,133.5,8.72
1990-11,315.29,12.0133,21.4733,133.8,8.39
1990-12,328.75,12.09,21.34,133.8,8.08
1991-01,325.49,12.1067,21.1833,134.6,8.09
1991-02,362.26,12.1133,21.0267,134.8,7.85
1991-03,372.28,12.11,20.94,135,8.11
1991-04,379.68,12.13,20.3633,135.2,8.04
1991-05,377.99,12.14,19.8567,135.6,8.07
1991-06,378.29,12.15,19.41,136,8.28
1991-07,380.23,12.1933,18.84,136.2,8.27
1991-08,389.4,12.2367,18.33,136.6,7.9
1991-09,387.2,12.28,17.82,137.2,7.65
1991-10,386.88,12.2533,17.2033,137.4,7.53
1991-11,385.92,12.2267,16.5867,137.8,7.42
1991-12,388.51,12.2,15.97,137.9,7.09
1992-01,416.08,12.24,16.0467,138.1,7.03
1992-02,412.56,12.28,16.1233,138.6,7.34
1992-03,407.36,12.32,16.19,139.3,7.54
1992-04,407.41,12.32,16.4833,139.5,7.48
1992-05,414.81,12.32,16.7667,139.7,7.39
1992-06,408.27,12.32,17.05,140.2,7.26
1992-07,415.05,12.3433,17.38,140.5,6.84
1992-08,417.93,12.3667,17.71,140.9,6.59
1992-09,418.48,12.4,18.04,141.3,6.42
1992-10,412.5,12.3867,18.39,141.8,6.59
1992-11,422.84,12.3833,18.74,142,6.87
1992-12,435.64,12.39,19.09,141.9,6.77
1993-01,435.23,12.4133,19.34,142.6,6.6
1993-02,441.7,12.4467,19.59,143.1,6.26
1993-03,450.16,12.48,19.84,143.6,5.98
1993-04,443.08,12.4933,19.67,144,5.97
1993-05,445.25,12.5067,19.5,144.2,6.04
1993-06,448.06,12.52,19.33,144.4,5.96
1993-07,447.29,12.52,19.69,144.4,5.81
1993-08,454.13,12.52,20.05,144.8,5.68
1993-09,459.24,12.52,20.41,145.1,5.36
1993-10,463.9,12.54,20.9,145.7,5.33
1993-11,462.89,12.56,21.39,145.8,5.72
1993-12,465.95,12.58,21.89,145.8,5.77
1994-01,472.99,12.6233,22.1567,146.2,5.75
1994-02,471.58,12.6667,22.4333,146.7,5.97
1994-03,463.81,12.71,22.71,147.2,6.48
1994-04,447.23,12.7533,23.54,147.4,6.97
1994-05,450.9,12.7967,24.37,147.5,7.18
1994-06,454.83,12.84,25.2,148,7.1
1994-07,451.4,12.87,25.91,148.4,7.3
1994-08,464.24,12.9,26.62,149,7.24
1994-09,466.96,12.92,27.33,149.4,7.46
1994-10,463.81,13.0133,28.42,149.5,7.74
1994-11,461.01,13.0967,29.51,149.7,7.96
1994-12,455.19,13.17,30.6,149.7,7.81
1995-01,465.25,13.18,31.25,150.3,7.78
1995-02,481.92,13.18,31.9,150.9,7.47
1995-03,493.15,13.17,32.55,151.4,7.2
1995-04,507.91,13.2433,33.1767,151.9,7.06
1995-05,523.81,13.3067,33.8033,152.2,6.63
1995-06,539.35,13.36,34.43,152.5,6.17
1995-07,557.37,13.44,34.68,152.5,6.28
1995-08,559.11,13.51,34.93,152.9,6.49
1995-09,578.77,13.58,35.18,153.2,6.2
1995-10,582.92,13.65,34.7733,153.7,6.04
1995-11,595.53,13.72,34.3667,153.6,5.93
1995-12,614.57,13.79,33.96,153.5,5.71
1996-01,614.42,13.8933,33.9867,154.4,5.65
1996-02,649.54,13.9967,34.0133,154.9,5.81
1996-03,647.07,14.1,34.04,155.7,6.27
1996-04,647.17,14.1567,34.33,156.3,6.51
1996-05,661.23,14.2133,34.62,156.6,6.74
1996-06,668.5,14.27,34.91,156.7,6.91
1996-07,644.07,14.4,35.2733,157,6.87
1996-08,662.68,14.53,35.6367,157.3,6.64
1996-09,674.88,14.66,36,157.8,6.83
1996-10,701.46,14.74,36.91,158.3,6.53
1996-11,735.67,14.82,37.82,158.6,6.2
1996-12,743.25,14.9,38.73,158.6,6.3
1997-01,766.22,14.9533,39.2333,159.1,6.58
1997-02,798.39,15.0067,39.7367,159.6,6.42
1997-03,792.16,15.06,40.24,160,6.69
1997-04,763.93,15.0933,40.3433,160.2,6.89
1997-05,833.09,15.1267,40.4467,160.1,6.71
1997-06,876.29,15.16,40.55,160.3,6.49
1997-07,925.29,15.2167,40.58,160.5,6.22
1997-08,927.24,15.2733,40.61,160.8,6.3
1997-09,937.02,15.33,40.64,161.2,6.21
1997-10,951.16,15.3867,40.3333,161.6,6.03
1997-11,938.92,15.4433,40.0267,161.5,5.88
1997-12,962.37,15.5,39.72,161.3,5.81
1998-01,963.36,15.55,39.66,161.6,5.54
1998-02,1023.74,15.6,39.6,161.9,5.57
1998-03,1076.83,15.64,39.54,162.2,5.65
1998-04,1112.2,15.75,39.35,162.5,5.64
1998-05,1108.42,15.85,39.16,162.8,5.65
1998-06,1108.39,15.95,38.97,163,5.5
1998-07,1156.58,16.0167,38.6767,163.2,5.46
1998-08,1074.62,16.0833,38.3833,163.4,5.34
1998-09,1020.64,16.14,38.09,163.6,4.81
1998-10,1032.47,16.1667,37.9633,164,4.53
1998-11,1144.43,16.1833,37.8367,164,4.83
1998-12,1190.05,16.2,37.71,163.9,4.65
1999-01,1248.77,16.283333,37.933333,164.3,4.72
1999-02,1246.58,16.366667,38.156667,164.5,5
1999-03,1281.66,16.45,38.38,165,5.23
1999-04,1334.76,16.45,39.26,166.2,5.18
1999-05,1332.07,16.45,40.14,166.2,5.54
1999-06,1322.55,16.45,41.02,166.2,5.9
1999-07,1380.99,16.513333,42,166.7,5.79
1999-08,1327.49,16.576667,42.98,167.1,5.94
1999-09,1318.17,16.64,43.96,167.9,5.92
1999-10,1300.01,16.656667,45.363333,168.2,6.11
1999-11,1391,16.673333,46.766667,168.3,6.03
1999-12,1428.68,16.69,48.17,168.3,6.28
2000-01,1425.59,16.713333,49.096667,168.8,6.66
2000-02,1388.87,16.736667,50.023333,169.8,6.52
2000-03,1442.21,16.76,50.95,171.2,6.26
2000-04,1461.36,16.74,51.273333,171.3,5.99
2000-05,1418.48,16.72,51.596667,171.5,6.44
2000-06,1461.96,16.7,51.92,172.4,6.1
2000-07,1473,16.583333,52.513333,172.8,6.05
2000-08,1485.46,16.466667,53.106667,172.8,5.83
2000-09,1468.05,16.35,53.7,173.7,5.8
2000-10,1390.14,16.323333,52.466667,174,5.74
2000-11,1378.04,16.296667,51.233333,174.1,5.72
2000-12,1330.93,16.27,50,174,5.24
2001-01,1335.63,16.17,48.48,175.1,5.16
2001-02,1305.75,16.07,46.96,175.8,5.1
2001-03,1185.85,15.97,45.44,176.2,4.89
2001-04,1189.84,15.876667,42.556667,176.9,5.14
2001-05,1270.37,15.783333,39.673333,177.7,5.39
2001-06,1238.71,15.69,36.79,178,5.28
2001-07,1204.45,15.706667,33.963333,177.5,5.24
2001-08,1178.5,15.723333,31.136667,177.5,4.97
2001-09,1044.64,15.74,28.31,178.3,4.73
2001-10,1076.59,15.74,27.103333,177.7,4.57
2001-11,1129.68,15.74,25.896667,177.4,4.65
2001-12,1144.93,15.74,24.69,176.7,5.09
2002-01,1140.21,15.736667,24.693333,177.1,5.04
2002-02,1100.67,15.733333,24.696667,177.8,4.91
2002-03,1153.79,15.73,24.7,178.8,5.28
2002-04,1111.93,15.833333,25.38,179.8,5.21
2002-05,1079.25,15.936667,26.06,179.8,5.16
2002-06,1014.02,16.04,26.74,179.9,4.93
2002-07,903.59,15.96,27.84,180.1,4.65
2002-08,912.55,15.88,28.94,180.7,4.26
2002-09,867.81,15.8,30.04,181,3.87
2002-10,854.63,15.89,29.223333,181.3,3.94
2002-11,909.93,15.98,28.406667,181.3,4.05
2002-12,899.18,16.07,27.59,180.9,4.03
2003-01,895.84,16.12,28.5,181.7,4.05
2003-02,837.03,16.17,29.41,183.1,3.9
2003-03,846.63,16.22,30.32,184.2,3.81
2003-04,890.03,16.203333,31.73,183.8,3.96
2003-05,935.96,16.186667,33.14,183.5,3.57
2003-06,988,16.17,34.55,183.7,3.33
2003-07,992.54,16.31,35.893333,183.9,3.98
2003-08,989.53,16.45,37.236667,184.6,4.45
2003-09,1019.44,16.59,38.58,185.2,4.27
2003-10,1038.73,16.856667,41.966667,185,4.29
2003-11,1049.9,17.123333,45.353333,184.5,4.3
2003-12,1080.64,17.39,48.74,184.3,4.27
2004-01,1132.52,17.6,49.826667,185.2,4.15
2004-02,1143.36,17.81,50.913333,186.2,4.08
2004-03,1123.98,18.02,52,187.4,3.83
2004-04,1133.36,18.213333,53.383333,188,4.35
2004-05,1102.78,18.406667,54.766667,189.1,4.72
2004-06,1132.76,18.6,56.15,189.7,4.73
2004-07,1105.85,18.786667,56.69,189.4,4.5
2004-08,1088.94,18.973333,57.23,189.5,4.28
2004-09,1117.66,19.16,57.77,189.9,4.13
2004-10,1117.21,19.253333,58.03,190.9,4.1
2004-11,1168.94,19.346667,58.29,191,4.19
2004-12,1199.21,19.44,58.55,190.3,4.23
2005-01,1181.41,19.703333,59.106667,190.7,4.22
2005-02,1199.63,19.966667,59.663333,191.8,4.17
2005-03,1194.9,20.23,60.22,193.3,4.5
2005-04,1164.43,20.463333,61.233333,194.6,4.34
2005-05,1178.28,20.696667,62.246667,194.4,4.14
2005-06,1202.25,20.93,63.26,194.5,4
2005-07,1222.24,21.11,64.33,195.4,4.18
2005-08,1224.27,21.29,65.4,196.4,4.26
2005-09,1225.92,21.47,66.47,198.8,4.2
2005-10,1191.96,21.72,67.59,199.2,4.46
2005-11,1237.37,21.97,68.71,197.6,4.54
2005-12,1262.07,22.22,69.83,196.8,4.47
2006-01,1278.73,22.406667,70.776667,198.3,4.42
2006-02,1276.65,22.593333,71.723333,198.7,4.57
2006-03,1293.74,22.78,72.67,199.8,4.72
2006-04,1302.17,23,73.276667,201.5,4.99
2006-05,1290.01,23.22,73.883333,202.5,5.11
2006-06,1253.17,23.44,74.49,202.9,5.11
2006-07,1260.24,23.66,75.85,203.5,5.09
2006-08,1287.15,23.88,77.21,203.9,4.88
2006-09,1317.74,24.1,78.57,202.9,4.72
2006-10,1363.38,24.36,79.55,201.8,4.73
2006-11,1388.64,24.62,80.53,201.5,4.6
2006-12,1416.42,24.88,81.51,201.8,4.56
2007-01,1424.16,25.083333,82.056667,202.416,4.76
2007-02,1444.8,25.286667,82.603333,203.499,4.72
2007-03,1406.95,25.49,83.15,205.352,4.56
2007-04,1463.64,25.716667,83.74,206.686,4.69
2007-05,1511.14,25.943333,84.33,207.949,4.75
2007-06,1514.19,26.17,84.92,208.352,5.1
2007-07,1520.71,26.44,82.813333,208.299,5
2007-08,1454.62,26.71,80.706667,207.917,4.67
2007-09,1497.12,26.98,78.6,208.49,4.52
2007-10,1539.66,27.23,74.46,208.936,4.53
2007-11,1463.39,27.48,70.32,210.177,4.15
2007-12,1479.22,27.73,66.18,210.036,4.1
2008-01,1378.76,27.92,64.25,211.08,3.74
2008-02,1354.87,28.11,62.32,211.693,3.74
2008-03,1316.94,28.3,60.39,213.528,3.51
2008-04,1370.47,28.436667,57.383333,214.823,3.68
2008-05,1403.22,28.573333,54.376667,216.632,3.88
2008-06,1341.25,28.71,51.37,218.815,4.1
2008-07,1257.33,28.756667,49.563333,219.964,4.01
2008-08,1281.47,28.803333,47.756667,219.086,3.89
2008-09,1216.95,28.85,45.95,218.783,3.69
2008-10,968.8,28.696667,35.593333,216.573,3.81
2008-11,883.04,28.543333,25.236667,212.425,3.53
2008-12,877.56,28.39,14.88,210.228,2.42
2009-01,865.58,28.013333,12.206667,211.143,2.52
2009-02,805.23,27.636667,9.533333,212.193,2.87
2009-03,757.13,27.26,6.86,212.709,2.82
2009-04,848.15,26.703333,7.076667,213.24,2.93
2009-05,902.41,26.146667,7.293333,213.856,3.29
2009-06,926.12,25.59,7.51,215.693,3.72
2009-07,935.82,25.026667,9.186667,215.351,3.56
2009-08,1009.73,24.463333,10.863333,215.834,3.59
2009-09,1044.55,23.9,12.54,215.969,3.4
2009-10,1067.66,23.403333,25.35,216.177,3.39
2009-11,1088.07,22.906667,38.16,216.33,3.4
2009-12,1110.38,22.41,50.97,215.949,3.59
2010-01,1123.58,22.24,54.29,216.687,3.73
2010-02,1089.16,22.07,57.61,216.741,3.69
2010-03,1152.05,21.9,60.93,217.631,3.73
2010-04,1197.32,21.946667,62.986667,218.009,3.85
2010-05,1125.06,21.993333,65.043333,218.178,3.42
2010-06,1083.36,22.04,67.1,217.965,3.2
2010-07,1079.8,22.143333,68.686667,218.011,3.01
2010-08,1087.28,22.246667,70.273333,218.312,2.7
2010-09,1122.08,22.35,71.86,218.439,2.65
2010-10,1171.58,22.476667,73.69,218.711,2.54
2010-11,1198.89,22.603333,75.52,218.803,2.76
2010-12,1241.53,22.73,77.35,219.179,3.29
2011-01,1282.62,22.963333,78.67,220.223,3.39
2011-02,1321.12,23.196667,79.99,221.309,3.58
2011-03,1304.49,23.43,81.31,223.467,3.41
2011-04,1331.51,23.733333,82.163333,224.906,3.46
2011-05,1338.31,24.036667,83.016667,225.964,3.17
2011-06,1287.29,24.34,83.87,225.722,3
2011-07,1325.19,24.62,84.906667,225.922,3
2011-08,1185.31,24.9,85.943333,226.545,2.3
2011-09,1173.88,25.18,86.98,226.889,1.98
2011-10,1207.22,25.596667,86.97,226.421,2.15
2011-11,1226.42,26.013333,86.96,226.23,2.01
2011-12,1243.32,26.43,86.95,225.672,1.98
2012-01,1300.58,26.736667,87.48,226.665,1.97
2012-02,1352.49,27.043333,88.01,227.663,1.97
2012-03,1389.24,27.35,88.54,229.392,2.17
2012-04,1386.43,27.673333,88.333333,230.085,2.05
2012-05,1341.27,27.996667,88.126667,229.815,1.8
2012-06,1323.48,28.32,87.92,229.478,1.62
2012-07,1359.78,28.743333,87.446667,229.104,1.53
2012-08,1403.45,29.166667,86.973333,230.379,1.68
2012-09,1443.42,29.59,86.5,231.407,1.72
2012-10,1437.82,30.143333,86.503333,231.317,1.75
2012-11,1394.51,30.696667,86.506667,230.221,1.65
2012-12,1422.29,31.25,86.51,229.601,1.72
2013-01,1480.4,31.536667,86.906667,230.28,1.91
2013-02,1512.31,31.823333,87.303333,232.166,1.98
2013-03,1550.83,32.11,87.7,232.773,1.96
2013-04,1570.7,32.496667,88.783333,232.531,1.76
2013-05,1639.84,32.883333,89.866667,232.945,1.93
2013-06,1618.77,33.27,90.95,233.504,2.3
2013-07,1668.68,33.646667,92.09,233.596,2.58
2013-08,1670.09,34.023333,93.23,233.877,2.74
2013-09,1687.17,34.4,94.37,234.149,2.81
2013-10,1720.03,34.596667,96.313333,233.546,2.62
2013-11,1783.54,34.793333,98.256667,233.069,2.72
2013-12,1807.78,34.99,100.2,233.049,2.9
2014-01,1822.36,35.403333,100.416667,233.916,2.86
2014-02,1817.04,35.816667,100.633333,234.781,2.71
2014-03,1863.52,36.23,100.85,236.293,2.72
2014-04,1864.26,36.613333,101.606667,237.072,2.71
2014-05,1889.77,36.996667,102.363333,237.9,2.56
2014-06,1947.09,37.38,103.12,238.343,2.6
2014-07,1973.1,37.75,104.066667,238.25,2.54
2014-08,1961.53,38.12,105.013333,237.852,2.42
2014-09,1993.23,38.49,105.96,238.031,2.53
2014-10,1937.27,38.806667,104.743333,237.433,2.3
2014-11,2044.57,39.123333,103.526667,236.151,2.33
2014-12,2054.27,39.44,102.31,234.812,2.21
2015-01,2028.18,39.896667,101.29,233.707,1.88
2015-02,2082.2,40.353333,100.27,234.722,1.98
2015-03,2079.99,40.81,99.25,236.119,2.04
2015-04,2094.86,41.12,97.803333,236.599,1.94
2015-05,2111.94,41.43,96.356667,237.805,2.2
2015-06,2099.29,41.74,94.91,238.638,2.36
2015-07,2094.14,41.996667,93.493333,238.654,2.32
2015-08,2039.87,42.253333,92.076667,238.316,2.17
2015-09,1944.41,42.51,90.66,237.945,2.17
2015-10,2024.81,42.803333,89.283333,237.838,2.07
2015-11,2080.62,43.096667,87.906667,237.336,2.26
2015-12,2054.08,43.39,86.53,236.525,2.24
2016-01,1918.6,43.553333,86.5,236.916,2.09
2016-02,1904.42,43.716667,86.47,237.111,1.78
2016-03,2021.95,43.88,86.44,238.132,1.89
2016-04,2075.54,44.073333,86.6,239.261,1.81
2016-05,2065.55,44.266667,86.76,240.229,1.81
2016-06,2083.89,44.46,86.92,241.018,1.64
2016-07,2148.9,44.65,87.643333,240.628,1.5
2016-08,2170.95,44.84,88.366667,240.849,1.56
2016-09,2157.69,45.03,89.09,241.428,1.63
2016-10,2143.02,45.253333,90.91,241.729,1.76
2016-11,2164.99,45.476667,92.73,241.353,2.14
2016-12,2246.63,45.7,94.55,241.432,2.49
2017-01,2275.12,45.926667,96.463333,242.839,2.43
2017-02,2329.91,46.153333,98.376667,243.603,2.42
2017-03,2366.82,46.38,100.29,243.801,2.48
2017-04,2359.31,46.66,101.533333,244.524,2.3
2017-05,2395.35,46.94,102.776667,244.733,2.3
2017-06,2433.99,47.22,104.02,244.955,2.19
2017-07,2454.1,47.536667,105.04,244.786,2.32
2017-08,2456.22,47.853333,106.06,245.519,2.21
2017-09,2492.84,48.17,107.08,246.819,2.2
2017-10,2557,48.423333,108.013333,246.663,2.36
2017-11,2593.61,48.676667,108.946667,246.669,2.35
2017-12,2664.34,48.93,109.88,246.524,2.4
2018-01,2789.8,49.286667,111.733333,247.867,2.58
2018-02,2705.16,49.643333,113.586667,248.991,2.86
2018-03,2702.77,50,115.44,249.554,2.84
2018-04,2653.63,50.33,117.786667,250.546,2.87
2018-05,2701.49,50.66,120.133333,251.588,2.976
2018-06,2754.35,50.99,122.48,251.989,2.91
2018-07,2793.64,51.44,125.116667,252.006,2.89
2018-08,2857.82,51.89,127.753333,252.146,2.89
2018-09,2901.5,52.34,130.39,252.439,3
2018-10,2785.46,52.81,131.056667,252.885,3.15
2018-11,2723.23,53.28,131.723333,252.038,3.12
2018-12,2567.31,53.75,132.39,251.233,2.83
2019-01,2607.39,54.146667,133.056667,251.712,2.71
2019-02,2754.86,54.543333,133.723333,252.776,2.68
2019-03,2803.98,54.94,134.39,254.202,2.57
2019-04,2903.8,55.319092,134.683333,255.548,2.53
2019-05,2854.71,55.698183,134.976667,256.092,2.4
2019-06,2890.17,56.077275,135.27,256.143,2.06
2019-07,2996.113636,56.458183,134.48,256.571,1.63
2019-08,2897.498182,56.839092,133.69,256.558,1.63
2019-09,2982.156,57.22,132.9,256.759,1.7
2019-10,2977.68,57.56,135.09,257.346,1.71
2019-11,3104.9045,57.9,137.28,257.208,1.81
2019-12,3176.749524,58.24,139.47,256.974,1.86
2020-01,3278.202857,58.686868,131.756667,257.971,1.76
2020-02,3277.314211,59.133736,124.043333,258.678,1.5
2020-03,2652.393636,59.580604,116.33,258.115,0.87
2020-04,2761.975238,59.613736,110.63,256.389,0.66
2020-05,2919.615,59.646868,104.93,256.394,0.67
2020-06,3104.660909,59.68,99.23,257.797,0.73
2020-07,3207.619091,59.403333,98.893333,259.101,0.62
2020-08,3391.71,59.126667,98.556667,259.918,0.65
2020-09,3365.516667,58.85,98.22,260.28,0.68
2020-10,3418.701364,58.659615,96.856667,260.388,0.79
2020-11,3548.9925,58.469231,95.493333,260.229,0.87
2020-12,3695.31,58.278846,94.13,260.474,0.93
2021-01,3793.748421,58.063693,105.486667,261.582,1.08
2021-02,3883.432105,57.84854,116.843333,263.014,1.26
2021-03,3910.508261,57.633387,128.2,264.877,1.61
2021-04,4141.17619,57.710605,138.386667,267.054,1.64
2021-05,4167.8495,57.787824,148.573333,269.195,1.62
2021-06,4238.489545,57.865042,158.76,271.696,1.52
2021-07,4363.712857,58.328189,164.316667,273.003,1.32
2021-08,4454.206364,58.791336,169.873333,273.567,1.28
2021-09,4445.543333,59.254483,175.43,274.31,1.37
2021-10,4460.707143,59.635361,182.91,276.589,1.58
2021-11,4667.386667,60.016239,190.39,277.948,1.56
2021-12,4674.772727,60.397117,197.87,278.802,1.47
2022-01,4573.8155,60.921403,197.883333,281.148,1.76
2022-02,4435.980526,61.445689,197.896667,283.716,1.93
2022-03,4391.265217,61.969974,197.91,287.504,2.13
2022-04,4391.296,62.653316,196.026667,289.109,2.75
2022-05,4040.36,63.336658,194.143333,292.296,2.9
2022-06,3898.946667,64.02,192.26,296.311,3.14
2022-07,3911.7295,64.452768,190.583333,296.276,2.9
2022-08,4158.563043,64.885537,188.906667,296.171,2.9
2022-09,3850.520476,65.318305,187.23,296.808,3.52
2022-10,3726.050952,65.852204,182.403333,298.012,3.98
2022-11,3917.488571,66.386102,177.576667,297.711,3.89
2022-12,3912.380952,66.92,172.75,296.797,3.62
2023-01,3960.6565,67.35,173.556667,299.17,3.53
2023-02,4079.684737,67.78,174.363333,300.84,3.75
2023-03,3968.55913,68.21,175.17,301.836,3.66
2023-04,4121.467368,68.376667,177.116667,303.363,3.46
2023-05,4146.173182,68.543333,179.063333,304.127,3.57
2023-06,4345.372857,68.71,181.01,305.109,3.75
2023-07,4508.0755,68.911045,182.09,305.691,3.9
2023-08,4457.358696,69.112091,183.17,307.026,4.17
2023-09,4409.095,69.313136,184.25,307.789,4.38
2023-10,4269.400909,69.643321,186.976667,307.671,4.8
2023-11,4460.063333,69.973507,189.703333,307.051,4.5
2023-12,4685.0515,70.303692,192.43,306.746,4.02
2024-01,4815.613913,70.477403,192.083333,308.417,4.06
2024-02,5011.9615,70.651114,191.736667,310.326,4.21
2024-03,5170.5725,70.824826,191.39,312.332,4.21
2024-04,5112.492727,71.208484,193.18,313.548,4.54
2024-05,5235.225455,71.592142,194.97,314.069,4.48
2024-06,5415.140526,71.9758,196.76,314.175,4.31
2024-07,5538.004545,72.450533,197.93,314.54,4.25
2024-08,5478.214545,72.925267,199.1,314.796,3.87
2024-09,5621.2605,73.4,200.27,315.301,3.72
2024-10,5792.319565,73.877418,203.57,315.664,4.1
2024-11,5929.916,74.354836,206.87,315.493,4.36
2024-12,6010.908571,74.832255,210.17,315.605,4.39
2025-01,5979.5155,75.269937,212.343333,317.671,4.63
2025-02,6038.69,75.707619,214.516667,319.082,4.45
2025-03,5683.983333,76.145301,216.69,319.799,4.28
2025-04,5369.495714,76.546867,218.636667,320.795,4.28
2025-05,5810.919524,76.948434,220.583333,321.465,4.42
2025-06,6029.9515,77.35,222.53,322.561,4.38
2025-07,6296.498182,77.726667,226.77,323.048,4.39
2025-08,6408.949524,78.103333,231.01,323.976,4.26
2025-09,6584.018095,78.48,235.25,324.8,4.12
2025-10,6735.691739,78.826667,237.044667,325.212,4.06
2025-11,6740.885789,79.173333,238.839333,324.122,4.09
2025-12,6853.025455,79.52,240.634,324.054,4.14
2026-01,6929.122,79.801767,247.663667,325.252,4.21
2026-02,6893.806316,80.083533,254.693333,326.785,4.13
2026-03,6654.419091,80.3653,261.723,330.213,4.25
2026-04,6957.007619,80.5867,,333.02,4.32
2026-05,7412.5515,80.8081,,335.123,4.48
2026-06,7450.032857,81.0295,,333.952,4.47
2026-07,7481.339091,,,333.3665,4.6
2026-08,7600.5,,,333.07375,4.75
