month,gold,total,energy,non_energy,agriculture,metals_minerals,precious_metals
1960-01,35.27,7.64,2.1344,18.8159,22.0321,12.8959,3.2687
1960-02,35.27,7.6,2.1344,18.6815,21.8085,12.9291,3.2687
1960-03,35.27,7.6,2.1344,18.6723,21.8961,12.7206,3.2687
1960-04,35.27,7.65,2.1344,18.8314,22.0395,12.9296,3.2687
1960-05,35.27,7.63,2.1344,18.7748,22.0493,12.7307,3.2687
1960-06,35.27,7.57,2.1344,18.5825,21.7425,12.7511,3.2687
1960-07,35.27,7.56,2.1344,18.5606,21.6823,12.8055,3.2687
1960-08,35.27,7.55,2.1344,18.5402,21.7262,12.6508,3.2687
1960-09,35.27,7.57,2.1344,18.5918,21.8784,12.5019,3.2687
1960-10,35.27,7.41,2.1344,18.1079,21.2185,12.3243,3.2687
1960-11,35.27,7.33,2.1344,17.8611,20.7651,12.4731,3.2687
1960-12,35.27,7.4,2.1344,18.0661,21.1109,12.4125,3.2687
1961-01,35.25,7.36,2.0833,18.0763,21.2227,12.2117,3.2675
1961-02,35.25,7.46,2.0833,18.3799,21.6543,12.2873,3.2675
1961-03,35.25,7.59,2.0833,18.7461,22.1994,12.3282,3.2675
1961-04,35.25,7.64,2.0833,18.9196,22.4381,12.3875,3.2675
1961-05,35.25,7.64,2.0833,18.9234,22.3539,12.5721,3.2675
1961-06,35.25,7.55,2.0833,18.6521,21.9821,12.4763,3.2675
1961-07,35.25,7.51,2.0833,18.5311,21.8421,12.3807,3.2675
1961-08,35.25,7.47,2.0833,18.3919,21.6191,12.3975,3.2675
1961-09,35.25,7.42,2.0833,18.2307,21.3858,12.3658,3.2675
1961-10,35.25,7.41,2.0833,18.2009,21.3537,12.3374,3.2675
1961-11,35.25,7.45,2.0833,18.3484,21.5816,12.3366,3.2763
1961-12,35.25,7.46,2.0833,18.3595,21.5899,12.3546,3.3797
1962-01,35.23,7.37,2.0429,18.1749,21.3169,12.3642,3.3875
1962-02,35.23,7.39,2.0429,18.2302,21.414,12.3401,3.3705
1962-03,35.23,7.38,2.0429,18.197,21.4113,12.2402,3.3614
1962-04,35.23,7.38,2.0429,18.2164,21.4472,12.2281,3.3614
1962-05,35.23,7.43,2.0429,18.347,21.6567,12.2117,3.3614
1962-06,35.23,7.4,2.0429,18.2713,21.5524,12.1862,3.3686
1962-07,35.23,7.38,2.0429,18.2171,21.4773,12.1686,3.3806
1962-08,35.23,7.35,2.0429,18.127,21.3465,12.1519,3.4252
1962-09,35.23,7.38,2.0429,18.2193,21.4893,12.1511,3.4925
1962-10,35.23,7.33,2.0429,18.0635,21.2412,12.1668,3.5408
1962-11,35.23,7.44,2.0429,18.3846,21.7279,12.1849,3.5273
1962-12,35.23,7.43,2.0429,18.3615,21.696,12.1772,3.5339
1963-01,35.09,7.49,2.0146,18.608,22.0774,12.1685,3.5674
1963-02,35.09,7.55,2.0146,18.7749,22.3293,12.1799,3.5792
1963-03,35.09,7.56,2.0146,18.815,22.3841,12.1945,3.5933
1963-04,35.09,7.64,2.0146,19.0448,22.7262,12.2201,3.5845
1963-05,35.09,7.8,2.0146,19.5399,23.4794,12.2422,3.59
1963-06,35.09,7.79,2.0146,19.4935,23.4024,12.2533,3.5882
1963-07,35.09,7.74,2.0146,19.3605,23.2026,12.2422,3.6005
1963-08,35.09,7.61,2.0146,18.965,22.5842,12.2586,3.5995
1963-09,35.09,7.64,2.0146,19.0417,22.6969,12.2702,3.6076
1963-10,35.09,7.87,2.0146,19.7577,23.7242,12.4294,3.6075
1963-11,35.09,7.88,2.0146,19.7754,23.7366,12.4596,3.6125
1963-12,35.09,7.86,2.0146,19.7084,23.5847,12.5594,3.6136
1964-01,35.1,7.93,1.9444,20.0592,23.984,12.5121,3.624
1964-02,35.1,7.84,1.9444,19.8086,23.4848,12.7429,3.6244
1964-03,35.1,7.85,1.9444,19.8279,23.2801,13.224,3.6244
1964-04,35.1,7.94,1.9444,20.093,23.3562,13.9065,3.6244
1964-05,35.1,7.89,1.9444,19.9604,23.185,13.8381,3.6244
1964-06,35.1,7.8,1.9444,19.6853,22.7781,13.802,3.6244
1964-07,35.1,7.81,1.9444,19.7061,22.6496,14.1315,3.6244
1964-08,35.1,7.84,1.9444,19.7995,22.456,14.8242,3.6244
1964-09,35.1,7.97,1.9444,20.1987,22.637,15.7161,3.6244
1964-10,35.1,8.1,1.9444,20.5843,22.7285,16.7484,3.6244
1964-11,35.1,8.11,1.9444,20.6313,22.6867,16.9831,3.6244
1964-12,35.1,8.07,1.9444,20.5055,22.7704,16.4134,3.6244
1965-01,35.12,7.86,1.939,19.8607,22.4389,14.9543,3.6349
1965-02,35.12,8.06,1.939,20.4733,22.9267,15.8927,3.6461
1965-03,35.12,8.05,1.939,20.449,22.7386,16.2015,3.6461
1965-04,35.12,8.12,1.939,20.6694,22.8015,16.7698,3.6461
1965-05,35.12,8.16,1.939,20.7854,22.5867,17.5775,3.6461
1965-06,35.12,8.03,1.939,20.3952,22.4989,16.5228,3.6461
1965-07,35.12,7.91,1.939,20.0301,22.3852,15.6007,3.6461
1965-08,35.12,7.88,1.939,19.9194,22.0255,15.988,3.6461
1965-09,35.12,7.99,1.939,20.2751,22.2718,16.6083,3.6461
1965-10,35.12,8.04,1.939,20.4122,22.2943,16.996,3.6461
1965-11,35.12,8.07,1.939,20.5026,22.2877,17.2959,3.6461
1965-12,35.12,8.13,1.939,20.6938,22.4553,17.557,3.6461
1966-01,35.13,8.29,1.882,21.293,23.0996,18.2948,3.6467
1966-02,35.13,8.38,1.882,21.5514,23.0217,19.2725,3.6467
1966-03,35.13,8.39,1.882,21.5979,23.0963,19.2666,3.6491
1966-04,35.13,8.45,1.882,21.765,23.2987,19.3803,3.6498
1966-05,35.13,8.3,1.882,21.3094,23.2214,18.0972,3.6498
1966-06,35.13,8.35,1.882,21.4739,23.4029,18.2454,3.6498
1966-07,35.13,8.38,1.882,21.5632,23.864,17.5823,3.6498
1966-08,35.13,8.24,1.882,21.1494,24.165,15.6557,3.6498
1966-09,35.13,8.07,1.882,20.6206,23.5081,15.3296,3.6498
1966-10,35.13,8.07,1.882,20.6344,23.1678,16.0712,3.6498
1966-11,35.13,8.06,1.882,20.6023,23.0485,16.2144,3.6498
1966-12,35.13,8.04,1.882,20.5185,23.1367,15.7682,3.6498
1967-01,34.95,8,1.8662,20.4327,23.0521,15.887,3.6443
1967-02,34.95,7.98,1.8662,20.3939,23.0469,15.7749,3.6597
1967-03,34.95,7.94,1.8662,20.2561,23.1376,15.1529,3.6597
1967-04,34.95,7.9,1.8662,20.1334,23.2117,14.6128,3.6597
1967-05,34.95,7.94,1.8662,20.2579,23.2978,14.8302,3.6624
1967-06,34.95,8,1.8662,20.4436,23.6359,14.7244,3.6672
1967-07,34.95,7.94,1.8662,20.2568,23.4069,14.6221,3.9414
1967-08,34.95,7.9,1.8662,20.145,23.1188,14.8591,4.0888
1967-09,34.95,7.96,1.8662,20.3077,23.3382,14.9242,4.0228
1967-10,34.95,8.01,1.8662,20.4585,23.3767,15.3225,4.1228
1967-11,34.95,8.18,1.8662,20.9745,23.3846,16.9389,4.2799
1967-12,34.95,8.01,1.8662,20.4789,22.9502,16.2615,4.3895
1968-01,35.5,7.99,1.853,20.425,22.7778,16.7163,4.3565
1968-02,36,8.2,1.853,21.0641,22.9901,18.3034,4.2561
1968-03,37,8.19,1.853,21.0302,22.9836,18.2092,4.6257
1968-04,37.86,7.89,1.853,20.1348,22.7105,15.9361,4.7013
1968-05,40.7,7.81,1.853,19.8917,22.7265,15.1338,5.0451
1968-06,41.14,7.75,1.853,19.7083,22.211,15.6109,5.1551
1968-07,39.46,7.68,1.853,19.4946,22.0893,15.2035,4.9296
1968-08,39.19,7.58,1.853,19.207,21.6364,15.2221,4.8004
1968-09,40.18,7.66,1.853,19.4478,21.8794,15.4861,4.8764
1968-10,39.21,7.65,1.853,19.4054,21.8894,15.3313,4.5934
1968-11,39.78,7.73,1.853,19.6603,22.2202,15.4595,4.6718
1968-12,41.08,7.83,1.853,19.966,22.4781,15.8978,4.6995
1969-01,42.3,7.87,1.8126,20.1633,22.4926,16.6391,4.7954
1969-02,42.6,7.91,1.8126,20.2927,22.5516,16.9278,4.6837
1969-03,43.16,8,1.8126,20.5597,22.9757,16.903,4.7061
1969-04,43.31,8.06,1.8126,20.73,22.959,17.4762,4.6709
1969-05,43.46,8.11,1.8126,20.8797,23.1667,17.5238,4.6644
1969-06,41.44,8.21,1.8126,21.1997,23.4288,17.999,4.4275
1969-07,41.76,8.16,1.8126,21.0401,23.2345,17.8827,4.4223
1969-08,41.09,8.23,1.8126,21.2603,23.1813,18.6883,4.412
1969-09,40.87,8.19,1.8126,21.139,23.0637,18.5458,4.5229
1969-10,40.44,8.31,1.8126,21.4817,23.5485,18.6358,4.5778
1969-11,37.4,8.37,1.8126,21.6716,23.5998,19.1319,4.4521
1969-12,35.17,8.46,1.8126,21.9318,23.8144,19.5152,4.2015
1970-01,34.94,8.73,2.1131,22.137,24.2603,19.299,4.252
1970-02,34.99,8.75,2.1131,22.2138,24.3031,19.4542,4.2734
1970-03,35.09,8.81,2.1131,22.4064,24.3621,19.9425,4.2728
1970-04,35.62,8.85,2.1131,22.5293,24.5486,19.9491,4.2731
1970-05,35.95,8.83,2.1131,22.4591,24.7906,19.2308,4.1222
1970-06,35.42,8.77,2.1131,22.2704,24.8489,18.514,4.0598
1970-07,35.32,8.7,2.1131,22.0639,24.7677,18.0463,4.0978
1970-08,35.38,8.6,2.1131,21.7593,24.5468,17.5354,4.206
1970-09,36.19,8.57,2.1131,21.6725,24.4589,17.4412,4.2611
1970-10,37.52,8.6,2.1131,21.7511,24.8419,16.9042,4.2931
1970-11,37.44,8.61,2.1131,21.7893,25.0507,16.5969,4.3018
1970-12,37.44,8.57,2.1131,21.6649,24.9682,16.3725,4.1838
1971-01,37.88,8.9,2.6559,21.5648,24.8831,16.2618,4.2091
1971-02,38.74,8.85,2.6559,21.4181,24.6416,16.2931,4.2136
1971-03,38.87,8.91,2.6559,21.601,24.6013,16.9545,4.2864
1971-04,39.01,8.97,2.6559,21.7678,24.5897,17.5061,4.3488
1971-05,40.52,8.88,2.6559,21.5039,24.5231,16.8075,4.389
1971-06,40.1,8.85,2.6559,21.4155,24.4675,16.6417,4.3073
1971-07,40.95,9.03,2.7629,21.7329,24.8305,16.8597,4.3356
1971-08,42.71,9.07,2.7629,21.8604,25.0005,16.9148,4.4529
1971-09,42.03,8.96,2.7629,21.5352,24.5517,16.8059,4.2545
1971-10,42.5,8.95,2.7629,21.503,24.5222,16.7646,4.2039
1971-11,42.86,8.91,2.7629,21.3651,24.3579,16.6652,4.2119
1971-12,43.48,9,2.7629,21.6423,24.5569,17.1344,4.3204
1972-01,45.75,9.23,2.8718,22.116,24.9564,17.5,4.5394
1972-02,48.26,9.25,2.8718,22.1816,24.9456,17.73,4.7274
1972-03,48.33,9.38,2.8718,22.5875,25.5566,17.7613,4.7627
1972-04,49.03,9.39,2.8718,22.619,25.5448,17.8851,4.8406
1972-05,54.62,9.27,2.8718,22.2534,25.4805,16.8603,5.206
1972-06,62.09,9.15,2.8718,21.8746,25.219,16.1978,5.6673
1972-07,65.66,9.17,2.9788,21.7184,25.1841,15.6785,6.062
1972-08,67.03,9.26,2.9788,22.0031,25.5815,15.7643,6.2618
1972-09,65.46,9.42,2.9788,22.4923,26.3061,15.8261,6.0969
1972-10,64.86,9.43,2.9788,22.5195,26.7127,15.0786,6.0906
1972-11,62.91,9.64,2.9788,23.1648,27.4609,15.586,5.9873
1972-12,63.91,10.25,2.9788,24.9944,30.2389,15.6786,6.1857
1973-01,65.14,11.21,3.3956,27.0652,32.7551,16.3335,6.3019
1973-02,74.2,11.91,3.3956,29.1697,35.547,17.267,7.103
1973-03,84.37,12.25,3.3956,30.2043,36.3289,18.9372,7.839
1973-04,90.5,12.55,3.6845,30.5209,36.5801,19.4239,8.1325
1973-05,101.96,13.44,3.6845,33.2365,40.7534,19.4582,9.0427
1973-06,120.12,14.72,3.6845,37.1074,45.9993,20.9486,10.4026
1973-07,120.17,15.98,4.059,40.1472,49.5058,23.1767,10.4853
1973-08,106.76,15.98,4.059,40.1686,49.3189,23.6279,9.5686
1973-09,102.97,14.94,4.059,37.0167,44.9566,22.6004,9.3697
1973-10,100.08,15.98,5.5569,37.1093,44.4723,23.8866,9.3946
1973-11,94.92,16.56,5.5569,38.8833,46.0786,26.2061,9.0427
1973-12,106.72,17.4,5.5569,41.4232,50.0896,26.0173,10.0523
1974-01,129.19,25.38,15.9696,44.4776,53.3112,24.4811,11.9539
1974-02,150.13,26.38,15.9696,47.4965,56.8487,26.5076,14.9216
1974-03,168.42,26.44,15.9696,47.6697,55.3453,29.997,16.052
1974-04,172.24,24.55,13.4017,47.157,53.181,32.5621,16.0226
1974-05,163.27,24.4,13.4017,46.7001,52.717,31.9843,15.8289
1974-06,154.1,24.01,13.4017,45.5349,52.1263,28.8429,14.7848
1974-07,142.98,23.69,12.7597,45.869,54.1215,25.7691,13.627
1974-08,154.64,24.54,12.7597,48.447,57.8755,26.2263,14.3826
1974-09,151.75,24.19,12.7597,47.3834,57.1907,24.0828,13.8396
1974-10,158.78,25.21,13.0807,49.8262,61.2471,23.5049,15.0198
1974-11,181.66,25.41,13.0807,50.4268,62.1548,23.5074,16.3455
1974-12,183.78,24.5,13.0807,47.6568,58.1747,23.0086,16.1958
1975-01,176.27,23.77,13.836,43.9087,52.9303,23.7869,15.5321
1975-02,179.6,22.94,13.836,41.3973,48.8951,24.2121,15.8809
1975-03,178.16,22.52,13.836,40.1429,46.7253,24.717,15.742
1975-04,169.84,22.38,13.836,39.7253,46.4447,24.2803,15.0743
1975-05,167.39,21.6,13.836,37.3559,43.1632,23.7828,15.2214
1975-06,164.24,21.23,13.836,36.218,41.6651,23.4802,14.9753
1975-07,165.17,21.64,13.8467,37.4519,43.8312,23.053,15.2423
1975-08,163,22.41,13.8467,39.7709,47.396,23.0804,15.3367
1975-09,144.17,21.98,13.8467,38.4645,45.5687,22.7009,13.7563
1975-10,142.79,21.65,13.8788,37.4239,44.2494,22.329,13.4871
1975-11,142.42,21.14,13.8788,35.8619,41.8892,22.2918,13.4421
1975-12,139.3,21.07,13.8788,35.6576,41.6167,22.3929,13.0114
1976-01,131.05,22.13,15.1883,36.2192,42.8486,23.5181,12.4665
1976-02,131.06,22.32,15.1883,36.7971,43.7417,23.6564,12.4895
1976-03,132.76,22.48,15.1883,37.2593,44.3675,23.9267,12.6939
1976-04,127.94,22.83,15.2014,38.2997,45.4291,25.1001,12.5441
1976-05,126.92,23.21,15.2014,39.4631,47.2164,25.194,12.6042
1976-06,125.71,23.82,15.2407,41.2323,49.9795,25.1257,12.8382
1976-07,117.73,24.2,15.337,42.1762,50.5044,26.9901,12.2987
1976-08,109.93,23.99,15.3631,41.4989,49.5618,26.7422,11.3181
1976-09,114.15,24.23,15.3631,42.2106,50.5116,27.0014,11.6157
1976-10,116.15,24.33,15.7103,41.814,50.6434,25.5073,11.6631
1976-11,130.46,24.49,15.7234,42.2587,51.3969,25.4211,12.6956
1976-12,133.93,24.89,15.7364,43.4439,53.0035,25.9028,12.9125
1977-01,132.26,26.47,16.6205,46.436,55.458,27.8057,12.8672
1977-02,136.24,27.17,16.6728,48.4593,58.396,28.3727,13.2401
1977-03,148.23,28.32,16.7251,51.8464,63.4859,28.9719,14.3178
1977-04,149.17,28.61,16.6982,52.7678,65.9005,28.2403,14.3022
1977-05,146.61,27.94,16.6981,50.7294,62.8725,27.9329,14.0464
1977-06,140.78,27.18,16.7635,48.3067,59.2522,27.6562,13.4584
1977-07,143.39,26.26,16.9677,45.1053,54.0323,28.2458,13.6703
1977-08,144.94,25.71,16.9546,43.4649,51.5967,28.0005,13.7117
1977-09,149.53,25.54,16.9677,42.9413,50.6288,28.1855,14.0672
1977-10,158.95,25.44,17.0339,42.4848,49.8545,28.3536,14.8876
1977-11,162.1,25.8,17.0208,43.6103,51.4179,28.712,15.1754
1977-12,160.45,26.15,17.0339,44.6459,52.6563,29.4926,14.9838
1978-01,173.18,26.44,17.2946,44.9952,53.0799,29.8367,16.0365
1978-02,178.14,26.55,17.2696,45.3852,53.8352,29.5255,16.4324
1978-03,183.61,27.12,17.2827,47.0693,56.473,29.4234,17.0782
1978-04,175.28,27.47,17.2909,48.1283,58.2038,29.1713,16.4237
1978-05,176.31,27.29,17.4241,47.298,57.006,29.0579,16.4957
1978-06,183.75,27.17,17.5286,46.7238,55.9207,29.4455,17.1764
1978-07,188.73,26.76,17.5449,45.4568,53.6144,29.9856,17.5247
1978-08,206.3,26.95,17.5923,45.9383,53.8367,30.9898,18.8491
1978-09,212.08,27.64,17.616,47.9618,56.5038,31.9965,19.2694
1978-10,227.44,28.11,17.6691,49.2911,57.9649,33.2466,20.7071
1978-11,206.2,28.21,18.0539,48.8015,57.4223,32.6866,19.2833
1978-12,207.85,29.09,19.4737,48.6062,56.9522,33.0513,19.4712
1979-01,227.28,32.74,24.8161,48.8255,57.5869,32.3337,20.9936
1979-02,245.67,35.63,28.0943,50.9207,58.9108,36.2068,23.3447
1979-03,242.05,36.97,29.4872,52.145,59.8493,38.2301,23.1515
1979-04,239.11,37.53,29.9251,52.9459,60.6548,39.0169,22.9712
1979-05,257.59,44.12,39.6413,53.1943,61.2486,38.4994,25.1069
1979-06,279.07,47.8,43.6499,56.2283,65.6917,38.863,26.6436
1979-07,294.74,46.85,42.0962,56.5043,66.589,37.6212,28.0661
1979-08,300.82,47.31,42.9972,56.0688,65.3715,38.5279,28.6537
1979-09,354.95,48.21,43.7937,57.16,66.3064,39.9854,36.4144
1979-10,391.66,49.76,46.0222,57.3437,65.4492,42.0825,41.5618
1979-11,391.99,52.4,49.7522,57.7663,65.7647,42.671,41.5699
1979-12,455.08,51.75,48.1854,58.9719,66.5506,44.5831,51.2192
1980-01,675.31,52.37,48.371,60.4821,66.7651,48.7028,81.0579
1980-02,665.32,52.12,46.8434,62.8104,68.9373,51.6319,77.1652
1980-03,553.58,51.01,46.6303,59.9011,67.0032,46.3054,59.9147
1980-04,517.41,50.76,46.9269,58.5294,65.835,44.1133,48.1079
1980-05,513.8,51.37,47.3922,59.4503,68.3787,41.7425,45.6839
1980-06,600.72,50.73,46.9025,58.4821,67.6569,40.3473,54.2913
1980-07,643.27,50.67,46.3569,59.41,68.0083,42.5436,57.5581
1980-08,627.15,48.29,42.4861,60.0719,69.0702,42.4958,56.1238
1980-09,673.63,48.5,42.3566,60.9754,71.2165,40.9367,62.8873
1980-10,661.15,51.74,47.1616,61.0348,71.5501,40.4435,62.3478
1980-11,624.77,53.88,50.3772,60.9978,72.3917,38.5298,58.4294
1980-12,538.26,52.34,49.6077,57.8683,68.3473,36.7537,50.8848
1981-01,557.39,52.68,50.0252,58.0527,68.6617,36.6276,50.3888
1981-02,499.76,51.14,48.3784,56.7439,66.4854,36.3599,44.9941
1981-03,499.11,50.79,48.0721,56.3124,65.8664,36.3733,44.2956
1981-04,495.8,49.82,47.4739,54.5757,64.5553,35.6233,43.251
1981-05,479.7,48.08,45.3761,53.5566,62.8754,34.2773,41.6035
1981-06,461.09,46.25,43.3159,52.2083,61.3369,33.1883,39.5833
1981-07,409.07,47.44,45.3165,51.7447,61.2284,32.5732,34.8733
1981-08,410.16,47.76,46.1155,51.0854,59.6761,34.0535,35.2791
1981-09,443.75,47.47,46.3108,49.8196,58.3717,32.7133,38.5149
1981-10,437.76,47.69,47.0191,49.062,57.6209,31.8911,37.331
1981-11,413.37,47.98,47.6873,48.5736,57.4179,31.0601,35.087
1981-12,410.09,47.54,47.2544,48.1163,56.4437,31.788,34.7982
1982-01,384.14,47.03,46.3261,48.462,57.0687,31.9094,32.657
1982-02,374.13,43.97,41.9256,48.1238,56.5845,31.532,32.2796
1982-03,330.25,41.95,39.5272,46.8567,55.4585,29.9446,28.4184
1982-04,350.3,44.57,43.6493,46.4507,55.1878,29.3655,29.8048
1982-05,333.71,46.02,45.9024,46.247,55.0443,29.0742,28.1075
1982-06,314.98,44.88,45.2864,44.0493,52.8108,26.9099,25.7944
1982-07,338.97,44.08,44.3568,43.523,51.4327,28.1798,28.1885
1982-08,364.23,43.25,43.5326,42.6824,50.097,28.2489,30.4171
1982-09,437.31,44.19,45.0586,42.4337,49.8387,27.9982,36.7076
1982-10,422.15,44.45,45.9074,41.4947,48.4185,27.8918,36.3145
1982-11,414.89,43.85,44.6592,42.2227,49.693,27.6423,36.2552
1982-12,444.5,42.24,42.0064,42.7079,50.2559,28.0284,38.9137
1983-01,481.29,41.58,40.7436,43.2757,50.3736,29.3444,43.0846
1983-02,491.09,40.76,38.8851,44.5542,51.1442,31.8254,45.2683
1983-03,419.7,40.35,37.8247,45.4815,52.1526,32.697,37.4713
1983-04,432.88,41.97,39.4053,47.1589,54.2551,33.9299,39.2478
1983-05,438.01,42.32,39.246,48.5574,55.7097,35.5982,40.8689
1983-06,412.84,42.73,39.9617,48.3307,55.4027,35.2934,38.111
1983-07,402.91,43.1,40.1191,49.1565,56.4668,35.9701,37.7752
1983-08,416.2,44.49,40.5161,52.5597,61.3613,36.7712,38.6553
1983-09,411.8,44.22,39.8374,53.1226,62.3237,36.5659,38.2668
1983-10,393.6,43.7,39.1887,52.8508,62.4254,35.3083,35.0949
1983-11,381.7,42.93,38.3951,52.1172,61.7303,34.4226,33.313
1983-12,388.34,42.73,38.0133,52.3029,61.7736,34.9313,34.059
1984-01,370.89,43.37,38.5686,53.1154,63.1944,34.5241,32.0785
1984-02,385.96,43.41,38.9608,52.427,62.2875,34.1812,33.8783
1984-03,394.26,43.86,39.1208,53.4592,63.6717,34.2995,34.9178
1984-04,381.37,43.87,39.1347,53.4717,64.2593,33.4121,33.7087
1984-05,377.4,43.93,38.9297,54.0855,65.8654,31.7934,33.1862
1984-06,377.7,42.84,38.3432,51.9649,62.7863,31.2503,33.0087
1984-07,347.71,40.73,36.9471,48.4024,58.0246,29.4606,29.7889
1984-08,347.7,40.66,37.1726,47.7456,57.1416,29.126,29.9146
1984-09,340.2,40.54,37.3465,47.0125,56.8669,27.3694,29.0883
1984-10,341,39.9,36.7755,46.2296,55.5792,27.3921,29.1691
1984-11,342,39.78,36.6796,46.0805,54.4641,29.3509,29.4283
1984-12,319.54,38.84,35.9097,44.7788,52.8646,28.5347,27.1497
1985-01,302.79,38.79,35.9125,44.634,52.6478,28.5224,25.5214
1985-02,299.1,39.74,37.3315,44.6127,52.4073,28.9706,25.2426
1985-03,313.5,39.61,37.1076,44.6709,52.9837,29.0799,26.075
1985-04,326.8,39.63,36.9214,45.12,53.2016,30.0007,27.3879
1985-05,316,38.32,35.45,44.1514,51.4707,30.0814,26.5157
1985-06,316.5,37.78,35.303,42.7903,50.2304,28.5875,26.4519
1985-07,317.2,37.49,35.3708,41.7775,48.7991,28.3506,26.332
1985-08,330.4,37.6,35.9025,41.044,47.8899,28.0378,27.3919
1985-09,323.35,37.26,35.8371,40.1424,47.0482,27.0888,26.8606
1985-10,325.85,37.68,36.5682,39.9457,46.9338,26.7729,27.1588
1985-11,321.5,38.71,37.7764,40.5951,48.2235,26.0529,26.8345
1985-12,321.9,37.01,34.2734,42.5654,50.6232,27.3534,26.6303
1986-01,347.48,37.25,34.0848,43.6679,51.965,28.1971,28.4643
1986-02,338.89,31.14,25.3504,42.8872,50.9031,27.9947,27.7956
1986-03,345.7,28.48,21.1492,43.3647,51.1996,28.8683,28.0829
1986-04,340.44,27.24,19.637,42.6549,50.2727,28.6244,27.3502
1986-05,342.4,28.01,21.2592,41.7127,48.8562,28.6315,27.3568
1986-06,342.7,25.8,18.6197,40.3499,46.5727,29.0571,27.47
1986-07,348.34,23.66,16.0056,39.1786,45.4133,27.8785,27.7413
1986-08,376.66,26.55,20.4266,38.9736,45.1473,27.7348,29.8939
1986-09,417.73,27.32,21.0238,40.0964,46.3289,28.9837,33.0538
1986-10,423.51,26.92,20.5336,39.8645,46.2949,28.3279,33.3829
1986-11,397.56,27.44,21.3824,39.7392,46.3463,27.8519,31.5207
1986-12,390.92,28.26,22.7324,39.4803,45.8523,28.0426,30.8359
1987-01,408.26,29.9,24.7636,40.3266,47.014,28.3313,32.1565
1987-02,401.12,29.32,23.5824,40.958,47.1518,29.9083,31.6854
1987-03,408.91,29.83,24.2195,41.2047,46.7733,31.3956,32.3796
1987-04,438.35,30.08,24.1678,42.0582,47.7136,32.0719,35.9406
1987-05,460.23,30.97,24.8058,43.4744,49.4398,32.8506,38.4167
1987-06,449.59,31.01,24.912,43.3905,48.7932,33.8658,36.6834
1987-07,450.52,31.94,26.0398,43.915,48.1485,36.7444,36.93
1987-08,461.15,31.62,25.0979,44.8357,48.3932,39.158,37.9013
1987-09,460.38,31.7,24.3692,46.5552,51.3658,38.5448,37.5901
1987-10,465.35,32.53,24.8601,48.1003,51.9438,42.1544,37.862
1987-11,467.57,32.3,23.9839,49.1811,53.7771,41.8244,37.0708
1987-12,486.24,32.54,23.4131,51.0653,54.619,46.0147,38.304
1988-01,476.58,32.87,23.3692,52.1296,55.6383,47.2078,37.6141
1988-02,442.07,31.6,22.044,50.9952,53.7702,47.3677,34.9708
1988-03,443.61,31.6,20.8931,53.3074,53.5499,55.011,35.2107
1988-04,451.55,33,22.7138,53.8531,54.2081,55.5099,35.843
1988-05,451.07,33.74,22.4099,56.7278,55.3353,62.0814,35.9135
1988-06,451.33,35.19,21.6614,62.6443,60.7621,69.6511,36.439
1988-07,437.63,33.17,21.0104,57.8503,60.4548,55.1115,35.5298
1988-08,431.28,32.75,21.142,56.3043,57.2014,56.4971,34.7862
1988-09,413.46,31.3,19.3191,55.5884,57.7919,53.0416,33.2982
1988-10,406.78,30.96,18.6126,55.9971,57.4954,54.9197,32.8097
1988-11,420.17,31.78,19.3249,57.057,57.4147,58.4392,33.7748
1988-12,419.05,34.01,21.8017,58.766,58.2292,62.3391,33.52
1989-01,404.01,34.92,23.4798,58.1183,57.6426,61.4926,32.3673
1989-02,387.51,34.23,23.0165,56.9772,57.544,58.0155,31.2258
1989-03,390.15,35.74,24.9058,57.7018,59.111,57.1398,31.4759
1989-04,384.4,36.37,26.0732,57.2473,59.0675,55.9201,30.9535
1989-05,371.05,35.43,24.7565,57.0737,59.3058,54.9304,29.7439
1989-06,367.6,34.27,23.9061,55.2833,59.4358,49.0529,29.3139
1989-07,375.04,33.92,24.0932,53.8595,58.199,47.0843,29.7451
1989-08,365.14,33.11,23.3244,52.9467,55.9767,49.2826,29.0487
1989-09,361.75,33.49,24.0024,52.7315,56.2313,48.0794,28.7736
1989-10,366.88,34.46,25.3683,52.8998,56.2273,48.8213,29.1265
1989-11,394.26,34.39,25.92,51.5599,55.5687,45.7418,31.2332
1989-12,409.39,34.84,27.1081,50.5232,55.0778,43.2731,32.2677
1990-01,410.11,35.93,28.8726,50.2447,55.5821,41.3584,31.9917
1990-02,416.81,34.73,27.1166,50.1668,55.8141,40.5915,32.4954
1990-03,393.06,33.93,25.1189,51.8092,56.2499,44.8255,30.7482
1990-04,374.24,32.71,23.2351,51.9306,56.5757,44.4703,29.5038
1990-05,369.05,32.65,23.2735,51.6847,56.0493,44.8348,29.2081
1990-06,352.33,31.64,22.2115,50.7701,54.8957,44.2813,27.9798
1990-07,362.53,33.02,24.0977,51.1322,54.8636,45.4862,28.5823
1990-08,394.73,40.08,34.121,52.1672,54.3793,49.5973,30.781
1990-09,389.32,45.51,41.7125,53.2092,54.381,53.2294,30.1822
1990-10,380.74,46.78,44.1104,52.1852,54.3501,49.2731,29.1729
1990-11,381.73,44.29,41.4077,50.1388,53.6745,44.0339,29.0272
1990-12,376.95,40.57,36.1109,49.6034,53.7881,42.0707,28.6273
1991-01,383.64,37.4,31.2588,49.8587,54.1306,42.1066,29.0053
1991-02,363.83,34.19,26.3246,50.1555,54.6453,41.9757,27.409
1991-03,363.34,34.24,26.2635,50.4074,55.2323,41.6986,27.5976
1991-04,358.38,33.93,26.1097,49.7901,54.6229,40.9617,27.3069
1991-05,356.95,33.4,26.0854,48.2244,53.5227,38.3987,27.2677
1991-06,366.72,32.48,24.7324,48.188,53.8942,37.5775,28.1834
1991-07,367.69,33.19,25.8983,47.9839,53.3861,38.0239,28.2052
1991-08,356.31,33.62,26.3636,48.3243,54.2659,37.325,27.0554
1991-09,348.74,34.49,27.5735,48.5183,54.7278,37.0205,26.656
1991-10,358.69,35.67,29.4289,48.3336,54.7999,36.2973,27.3879
1991-11,360.17,34.94,28.4672,48.0586,54.3662,36.2931,27.4468
1991-12,361.73,32.87,25.5845,47.6459,54.287,35.1903,27.4001
1992-01,354.45,32.24,24.3864,48.1683,54.9728,35.5893,27.0702
1992-02,353.91,32.22,24.1996,48.4884,54.7342,37.1217,27.112
1992-03,344.34,31.97,23.8073,48.5242,54.6552,37.4072,26.4602
1992-04,338.62,32.95,25.4286,48.2171,53.8935,37.9963,26.0212
1992-05,337.24,33.77,26.6004,48.3278,54.0668,37.9896,25.9763
1992-06,340.81,34.7,27.8949,48.4898,54.2747,38.0758,26.2174
1992-07,352.72,34.31,27.2219,48.7023,53.7824,39.7575,26.9118
1992-08,343.06,34.1,26.987,48.5185,53.534,39.659,26.1044
1992-09,345.43,34.56,27.9929,47.8865,53.1109,38.5159,26.2223
1992-10,344.38,34.14,28.0936,46.4007,52.1896,35.7544,26.1291
1992-11,335.02,33.11,26.5855,46.3301,52.7559,34.522,25.5479
1992-12,334.82,32.4,25.3699,46.6562,52.8429,35.4374,25.5042
1993-01,329.01,31.82,24.2637,47.1577,53.7203,35.2522,25.0902
1993-02,329.31,32.34,24.9296,47.3734,54.1805,34.9966,25.0827
1993-03,330.08,32.98,25.8926,47.3558,54.8591,33.8819,25.1062
1993-04,342.15,33.12,25.9755,47.6012,56.0331,32.3443,26.1947
1993-05,367.18,33.14,25.5765,48.4746,57.7513,31.5978,28.3009
1993-06,371.89,32.19,24.4099,47.962,56.6891,32.1669,28.5128
1993-07,392.19,32.17,23.615,49.5236,58.7933,32.7956,30.4489
1993-08,378.84,32.17,23.762,49.2236,58.5568,32.3158,29.4063
1993-09,355.28,31.51,23.0154,48.7467,58.4702,30.9845,27.2681
1993-10,364.18,31.61,23.319,48.4273,58.6031,29.6771,27.9615
1993-11,373.83,30.96,22.0905,48.938,59.6464,29.116,28.7664
1993-12,383.3,30.31,20.5312,50.1478,60.7385,30.5964,29.7977
1994-01,386.88,30.88,21.1454,50.6189,60.8169,31.91,30.1981
1994-02,381.91,31.05,21.1003,51.2241,60.984,33.4784,29.9904
1994-03,384.13,30.68,20.532,51.2571,60.779,33.7778,30.3205
1994-04,377.27,31.39,21.5782,51.2925,60.9806,33.3814,29.8019
1994-05,381.43,32.71,22.625,53.1737,62.7728,35.6424,30.1298
1994-06,385.64,33.61,23.2893,54.5326,63.8052,37.8251,30.3735
1994-07,385.49,34.97,24.2806,56.654,66.2706,39.4331,30.2872
1994-08,380.36,34.09,23.0664,56.4437,66.5389,38.5181,29.8819
1994-09,391.58,33.84,21.9014,58.0559,67.9368,40.7529,30.9117
1994-10,389.77,33.99,22.4981,57.3025,65.7371,42.8532,30.7356
1994-11,384.39,35.06,23.4443,58.6213,65.6726,47.1073,30.1337
1994-12,379.29,34.59,22.4489,59.2195,66.1046,48.114,29.4188
1995-01,378.55,35.42,22.9891,60.6355,66.19,51.2348,29.372
1995-02,376.64,35.68,23.585,60.228,66.9937,48.0096,29.2024
1995-03,382.12,35.5,23.4929,59.8553,67.0389,46.5141,29.4878
1995-04,391.03,36.72,25.3316,59.809,66.6085,47.027,30.8967
1995-05,385.22,36.31,25.1342,58.983,66.5941,45.1902,30.5825
1995-06,387.56,35.65,24.1207,59.0297,66.4239,46.8077,30.5493
1995-07,386.23,34.88,22.3461,60.3064,67.5449,48.5125,30.268
1995-08,383.67,34.95,22.7166,59.7592,66.56,48.8009,30.3077
1995-09,383.06,35.18,23.5674,58.7209,66.1919,46.2702,30.3072
1995-10,383.14,34.88,23.0223,58.9207,67.3186,44.5754,30.2256
1995-11,385.31,35.81,24.1147,59.5379,67.785,45.5031,30.309
1995-12,387.44,36.98,26.1136,59.0296,67.1901,45.1031,30.3054
1996-01,399.45,36.96,26.3957,58.378,67.3069,42.8017,31.3485
1996-02,404.76,38.54,28.3601,59.1752,68.5989,42.6321,31.8797
1996-03,396.21,38.69,28.5439,59.2756,68.5461,43.0297,31.1937
1996-04,392.85,39.65,28.9272,61.4043,71.3378,42.8967,30.8695
1996-05,391.93,38.44,26.7344,62.1767,72.295,43.2302,30.7527
1996-06,385.27,37.29,26.1587,59.8574,70.6481,39.2184,30.1196
1996-07,383.47,37.87,27.5634,58.7911,69.6178,37.7609,29.9178
1996-08,387.35,38.07,28.0128,58.4656,69.0194,37.9054,30.2431
1996-09,383.14,38.85,29.8871,57.0317,67.3111,36.9439,29.8642
1996-10,381.07,39.92,32.3302,55.3158,65.1885,36.0096,29.6167
1996-11,377.85,39.59,31.4964,56.0179,64.9043,38.8079,29.319
1996-12,369,41.15,33.855,55.9395,64.4659,39.4285,28.7275
1997-01,355.11,41.02,32.6934,57.9113,66.5047,41.5069,27.775
1997-02,346.58,38.5,28.441,58.9195,68.021,41.8066,27.5227
1997-03,351.81,37.53,26.2557,60.406,69.9518,42.7515,27.9997
1997-04,344.47,36.16,24.5908,59.6174,69.4922,41.4316,27.1196
1997-05,343.84,37.7,26.6375,60.1415,69.7251,43.0169,27.0914
1997-06,340.76,35.98,24.8464,58.5784,67.4953,42.7188,26.9908
1997-07,324.1,36,25.7032,56.8847,65.0016,42.4201,25.5403
1997-08,324.01,36.38,26.4749,56.4618,64.1289,43.0644,25.6695
1997-09,322.82,36.18,26.7085,55.3839,63.5785,41.013,25.8155
1997-10,324.87,36.95,28.4159,54.272,62.3845,39.9511,26.227
1997-11,306.04,36.14,27.3397,53.9787,62.4317,38.8428,25.0086
1997-12,288.74,33.66,24.1988,52.8407,61.589,36.9601,24.5679
1998-01,289.1,31.68,21.8652,51.5909,60.1878,35.9396,24.6552
1998-02,297.49,31.28,21.006,52.1309,61.3425,35.4225,26.077
1998-03,295.94,30.27,19.8954,51.3023,59.9341,35.5752,25.4751
1998-04,308.29,30.71,20.3862,51.6563,60.2768,35.7329,26.3818
1998-05,299.1,30.68,21.0103,50.2858,58.7878,34.5142,25.0278
1998-06,292.32,28.39,18.5547,48.3518,56.5223,33.1404,24.2359
1998-07,292.87,28.14,18.4409,47.8194,55.7392,33.1006,24.4982
1998-08,284.11,27.32,17.6869,46.849,54.3742,32.8534,23.6637
1998-09,288.98,28.62,19.4851,47.1551,54.6556,33.2916,23.7876
1998-10,295.93,27.88,18.3986,47.0994,55.1271,32.2845,24.2006
1998-11,294.12,27.02,16.8797,47.5962,55.9565,32.2615,24.0613
1998-12,291.68,25.54,15.2009,46.5247,54.9301,31.0605,23.8257
1999-01,287.08,26.4343,16.6432,46.364,55.1621,30.0996,23.7862
1999-02,287.33,25.204,15.6078,44.7529,52.6956,29.9332,24.1879
1999-03,285.96,26.5413,18.0139,43.9111,51.3091,29.8739,23.7968
1999-04,282.62,28.8529,21.4478,43.8997,50.5695,31.5331,23.4328
1999-05,276.44,28.8948,21.4277,44.0438,50.3105,32.5138,23.2274
1999-06,261.31,29.2318,22.176,43.549,49.9405,31.7336,22.0471
1999-07,256.08,31.4883,25.6804,43.2835,48.3381,34.2467,21.8427
1999-08,256.69,33.106,27.6473,44.1577,49.2962,35.017,21.9592
1999-09,264.74,34.8717,29.71,45.2383,50.1695,36.6403,22.4648
1999-10,310.72,34.7286,29.5983,45.0481,50.0622,36.3085,25.6787
1999-11,293.18,36.3055,31.9397,45.0761,49.9993,36.5618,24.348
1999-12,283.07,37.1908,33.0938,45.4032,49.8636,37.8615,23.7196
2000-01,284.32,37.6863,33.323,46.4173,50.2752,40.0548,23.8318
2000-02,299.86,39.5937,36.1484,46.5299,50.3725,40.0047,25.0342
2000-03,286.39,39.3624,36.126,45.901,50.005,38.7909,23.9255
2000-04,279.69,35.9812,31.3046,45.4751,50.3613,36.8018,23.5367
2000-05,275.19,39.8738,37.0704,45.5813,50.0409,37.6688,23.2289
2000-06,285.73,41.967,40.5091,44.9505,49.1423,37.2863,23.9842
2000-07,281.59,40.8687,39.0653,44.5496,47.9481,38.1828,23.6957
2000-08,274.47,41.8818,40.6338,44.4177,47.7103,38.0492,23.2009
2000-09,273.68,44.89,44.9603,44.7507,47.4998,39.8512,23.1836
2000-10,270,43.5357,43.2683,44.0872,47.5614,37.6786,22.8685
2000-11,266.01,44.9934,45.6995,43.5447,47.3739,36.6159,22.503
2000-12,271.45,43.132,42.479,44.423,48.0779,38.0063,22.8424
2001-01,265.49,42.9765,42.1599,44.5948,48.0017,38.3001,22.5025
2001-02,261.87,41.7856,40.6802,44.0124,47.4387,37.8678,22.139
2001-03,263.03,39.0181,36.8867,43.3558,47.2032,36.3765,22.0346
2001-04,260.48,39.712,38.2085,42.7868,46.623,35.8241,21.8577
2001-05,272.36,40.9596,39.884,43.1945,46.9507,36.6317,22.7087
2001-06,270.23,39.8114,38.4503,42.6374,46.8295,35.0964,22.4544
2001-07,267.53,37.0945,33.9743,43.4839,48.8192,33.6863,22.071
2001-08,272.39,37.6702,35.0119,43.076,48.6739,32.665,22.187
2001-09,283.42,36.4091,33.7551,41.8393,47.1453,31.7974,23.0245
2001-10,283.06,32.371,28.6144,40.0081,44.8669,30.6494,22.9929
2001-11,276.16,31.4448,26.6782,41.1226,46.093,31.619,22.2898
2001-12,275.85,31.2743,26.2499,41.4354,46.3089,32.0834,22.5669
2002-01,281.51,31.7849,26.797,41.8874,46.6246,32.8183,23.0842
2002-02,295.5,32.4401,27.7453,41.9575,46.6405,33.0355,23.8847
2002-03,294.06,35.7544,32.2424,42.8124,47.572,33.9826,23.9856
2002-04,302.68,37.3499,34.7202,42.664,47.5802,33.6252,24.6227
2002-05,314.49,37.3284,34.5323,42.9681,48.2497,33.1749,25.4779
2002-06,321.18,36.6099,32.7882,44.3044,50.0196,33.7025,26.1381
2002-07,313.29,37.8595,34.1956,45.2436,51.667,33.2819,25.5922
2002-08,310.26,38.5848,35.2312,45.3526,52.4372,31.8338,25.0824
2002-09,319.14,40.6537,37.7396,46.4862,54.2192,31.9469,25.6823
2002-10,316.56,40.7428,37.8091,46.6215,54.3319,32.1717,25.424
2002-11,319.07,38.2969,34.1642,46.6114,53.5951,33.658,25.7024
2002-12,331.92,42.2552,39.695,47.3773,54.6625,33.7798,26.6468
2003-01,356.859,45.0611,43.617,47.9207,54.9496,34.7243,28.4613
2003-02,358.97,48.2922,48.2534,48.3412,54.9326,35.7149,28.563
2003-03,340.55,44.8328,43.4104,47.7599,54.2612,35.0927,27.2589
2003-04,328.18,40.2639,37.0011,46.9317,53.7881,33.7632,26.3395
2003-05,355.683,41.3591,38.5567,47.1391,53.3663,35.1239,28.3714
2003-06,356.352,42.5206,40.359,47.024,52.8612,35.6873,28.2348
2003-07,351.02,42.4306,40.2664,46.8797,52.3033,36.2138,28.191
2003-08,359.768,43.6772,41.7468,47.6195,53.1237,36.8984,28.949
2003-09,378.945,41.7839,38.4437,48.4974,54.4707,36.8048,30.3642
2003-10,378.92,44.4407,41.1061,51.1056,57.4434,38.8324,30.2597
2003-11,389.91,44.3317,40.2266,52.5757,58.9294,40.3966,31.1795
2003-12,406.953,46.9376,43.7748,53.2769,58.828,42.7286,32.7814
2004-01,413.788,48.5642,45.1845,55.3536,60.4667,45.8687,33.9334
2004-02,404.878,48.4428,44.1233,57.1337,61.9962,48.7479,33.4917
2004-03,406.667,51.2551,47.589,58.6485,64.1161,49.2562,34.4514
2004-04,403.26,51.2855,47.779,58.3946,63.6594,49.4238,34.1239
2004-05,383.779,54.6054,53.5909,56.6718,62.3826,46.4684,31.5387
2004-06,392.373,52.6222,50.7996,56.3946,61.1268,47.8039,32.0747
2004-07,398.091,54.6839,53.9534,56.2038,59.8265,49.3419,32.8668
2004-08,400.51,57.298,58.1419,55.5893,59.0044,48.7867,33.4252
2004-09,405.275,57.289,58.0523,55.7471,58.7746,49.28,33.4852
2004-10,420.464,63.3012,66.8355,56.0865,57.9464,51.6455,35.0865
2004-11,439.375,58.2333,59.1076,56.3734,58.2802,52.0968,36.6876
2004-12,442.079,56.3183,56.1408,56.5776,58.6184,52.6555,36.4639
2005-01,424.03,59.8938,60.766,58.0242,59.0305,56.3984,34.9018
2005-02,423.35,61.28,61.9847,59.7945,61.0017,57.9392,35.2554
2005-03,433.85,68.3107,71.1196,62.6098,63.9828,60.2241,36.1136
2005-04,429.233,67.3273,70.2533,61.3974,62.4847,59.054,35.7136
2005-05,421.873,64.1868,65.9939,60.5772,62.2831,56.6491,35.1583
2005-06,430.657,68.819,72.9132,60.6002,62.1503,57.6207,36.0151
2005-07,424.479,71.6892,77.2459,60.5401,61.9507,57.7704,35.3316
2005-08,437.93,78.1547,86.7817,60.6995,61.1465,60.1403,36.2542
2005-09,456.048,80.2635,89.6924,61.1106,61.8151,60.0419,37.5509
2005-10,469.898,78.1889,86.036,62.2112,62.6733,61.6813,38.9496
2005-11,476.666,73.4901,78.7146,62.7825,62.0459,64.3558,39.6336
2005-12,510.097,77.2373,83.1514,65.1576,63.4335,69.369,42.4944
2006-01,549.864,79.5734,85.4283,67.6686,65.5677,73.1258,45.6021
2006-02,554.995,76.8108,80.2607,69.7896,67.5517,75.5803,46.3313
2006-03,557.093,77.8974,82.0701,69.4369,66.4019,76.3499,47.2612
2006-04,610.653,85.301,91.3006,73.1768,66.5556,87.7985,52.8761
2006-05,675.393,86.2073,89.8648,78.9072,68.9725,101.2672,58.0351
2006-06,596.145,83.9156,88.4542,74.8741,67.6877,91.4568,50.4297
2006-07,633.71,88.4443,94.0288,77.1049,68.3585,97.1691,53.3074
2006-08,632.593,89.0427,94.709,77.4157,68.3223,98.0082,54.1432
2006-09,598.186,79.2264,80.2881,76.9235,67.6318,97.7914,51.3764
2006-10,585.78,77.7473,76.9891,79.1676,69.2369,101.6973,50.2712
2006-11,627.827,79.6604,79.1519,80.5704,71.5656,101.0651,54.4361
2006-12,629.791,82.0485,82.2265,81.6438,72.6762,101.7671,54.7614
2007-01,631.166,75.9377,73.6081,80.6445,73.4309,96.8274,54.4898
2007-02,664.745,80.3126,79.1406,82.6803,75.3665,98.6931,57.7446
2007-03,654.895,83.3419,82.7053,84.6497,75.2588,104.5869,56.4662
2007-04,679.368,88.5048,88.7551,87.9755,75.6888,114.3765,58.6432
2007-05,667.31,89.1537,88.8653,89.7089,77.2502,116.3793,57.3873
2007-06,655.66,91.6991,92.8199,89.3793,79.7975,110.0241,56.6147
2007-07,665.38,95.5927,97.9866,90.6073,81.3641,111.0602,57.0455
2007-08,665.411,90.6679,91.3843,89.0921,81.7417,105.4905,56.427
2007-09,712.653,96.2687,98.0657,92.5036,85.1548,108.1843,59.9864
2007-10,754.604,102.6242,105.7202,96.2297,87.5438,114.4198,63.6472
2007-11,806.248,110.6046,117.0967,97.353,89.9859,112.1413,67.9738
2007-12,803.203,109.9629,116.2818,97.0193,92.4486,105.3102,67.4964
2008-01,889.595,113.0783,118.604,101.7538,97.5008,109.5493,74.6761
2008-02,922.298,119.5931,124.4029,109.6847,105.5366,117.6639,79.1611
2008-03,968.434,128.3598,133.9936,116.8095,111.5407,126.2574,83.786
2008-04,909.705,135.359,143.1341,119.4999,113.5773,125.4522,78.2735
2008-05,888.663,146.5677,159.7637,119.6485,113.6677,121.313,76.654
2008-06,889.488,155.6892,172.7415,120.8939,117.1301,117.9793,76.594
2008-07,939.772,156.2257,173.4836,120.9586,115.3886,118.9099,80.5137
2008-08,839.025,136.2756,147.6143,113.0518,106.6719,109.9031,70.0682
2008-09,829.932,122.692,130.9819,105.6725,101.6705,98.0221,66.8312
2008-10,806.62,96.4574,100.5001,88.1598,87.3721,72.2935,62.903
2008-11,760.863,78.7909,78.8076,78.6613,82.7449,58.7097,59.3082
2008-12,816.092,67.5282,64.382,73.8407,80.2536,50.6312,63.21
2009-01,858.69,69.9799,66.2732,77.4644,85.2358,51.6861,67.0582
2009-02,943,66.7475,61.802,76.8401,84.5222,51.0107,74.6027
2009-03,924.273,68.2074,64.0532,76.6845,83.7229,51.8214,73.2342
2009-04,890.2,70.6826,66.5158,79.1559,86.5689,56.7393,70.6416
2009-05,928.645,77.083,74.2409,82.8535,91.5398,59.4276,74.4219
2009-06,945.67,85.2991,85.7997,84.3083,91.4804,65.5663,76.3149
2009-07,934.228,81.4179,80.8069,82.6822,88.1092,69.6655,74.2606
2009-08,949.375,88.5258,88.6375,88.3708,91.2763,81.6277,76.3251
2009-09,996.591,84.2014,83.2043,86.1621,90.1709,77.9403,81.3237
2009-10,1043.159,90.0009,90.8932,88.0962,91.8059,80.5264,85.1667
2009-11,1127.036,93.7652,95.0125,91.0864,94.3744,84.6965,91.1824
2009-12,1134.724,94.6194,95.0398,93.5472,95.2848,90.2934,91.5776
2010-01,1117.963,97.8139,98.5042,96.2224,96.2306,96.5767,90.8586
2010-02,1095.413,94.8113,95.6034,93.0014,93.7211,91.1066,87.5874
2010-03,1113.337,97.9421,99.577,94.531,92.1226,99.4168,90.0454
2010-04,1148.688,102.4614,104.8501,98.02,93.3904,108.1455,93.4154
2010-05,1205.434,94.7766,95.6789,93.4961,92.5614,96.0164,97.1939
2010-06,1232.92,93.6452,95.0971,91.1333,92.4464,89.0909,98.814
2010-07,1192.966,94.4004,94.879,93.5414,95.7282,89.1985,95.7555
2010-08,1215.81,97.3351,96.4541,99.0414,99.7935,97.5876,97.6384
2010-09,1270.977,99.1397,97.225,102.9224,103.7877,100.6376,103.2778
2010-10,1342.024,104.4189,102.1888,108.7075,108.7179,108.2731,110.6593
2010-11,1369.886,108.1555,106.0875,112.0807,113.0383,109.4269,115.3942
2010-12,1390.553,115.1,113.8547,117.3025,118.462,114.5235,119.36
2011-01,1360.46,121.0842,120.1308,122.7741,123.8496,120.8068,116.8327
2011-02,1374.68,127.5845,127.4391,128.1076,129.9224,125.8196,119.9507
2011-03,1423.26,133.5538,138.3744,123.9643,125.9062,121.3706,127.6527
2011-04,1480.89,140.7032,148.2644,125.8485,127.4591,124.2853,137.8344
2011-05,1512.58,133.2246,139.0614,121.6141,123.8699,118.4928,134.7897
2011-06,1529.36,133.1599,138.7231,121.9192,122.9952,116.9769,134.3713
2011-07,1572.75,135.8308,141.944,123.2314,122.6532,120.987,139.103
2011-08,1759.01,130.4996,134.6029,121.8607,123.437,114.7694,153.2935
2011-09,1772.14,130.0537,135.3898,118.8986,121.3769,109.0811,151.9673
2011-10,1666.43,126.4501,133.589,111.6139,115.3386,98.3898,139.0138
2011-11,1739,125.6625,133.9695,108.5837,112.0189,95.8397,144.7892
2011-12,1639.97,122.9881,131.0925,106.3149,109.4264,95.0759,135.5986
2012-01,1654.05,125.7944,134.1135,108.7578,111.1338,100.5025,136.9107
2012-02,1744.82,132.4311,142.7871,111.3425,113.3714,104.005,146.2772
2012-03,1675.95,136.0434,147.8834,111.8679,114.5412,103.5433,140.7825
2012-04,1649.2,132.3557,142.428,111.8079,114.7463,100.9539,137.6004
2012-05,1589.04,124.7267,132.2792,109.486,112.8983,96.6286,130.9088
2012-06,1598.76,112.6649,115.9668,106.0721,110.5297,91.6312,130.7801
2012-07,1594.29,119.7134,124.5594,109.835,118.4412,91.1857,129.9411
2012-08,1630.31,126.758,135.3789,109.2593,118.0715,87.6512,133.5704
2012-09,1744.81,127.2585,135.2146,111.1726,118.1133,93.5892,145.7073
2012-10,1746.58,125.8556,134.1505,109.0414,114.9386,94.0018,145.449
2012-11,1721.64,124.0253,132.3335,107.1197,112.557,92.4151,143.3546
2012-12,1684.762,124.4518,132.3747,108.3601,112.1289,97.4233,140.1799
2013-01,1671.8478,126.8637,135.932,108.4837,111.1895,100.2858,138.7115
2013-02,1627.57,129.4031,139.7924,108.2241,110.0206,101.3407,135.2831
2013-03,1593.0862,123.5199,132.5369,105.18,109.0066,94.5473,131.4615
2013-04,1487.8573,118.4475,126.6094,102.0584,106.7361,90.7332,121.3667
2013-05,1414.027,118.0867,126.3016,101.7464,107.0822,88.3155,114.4643
2013-06,1343.35,117.293,125.7145,100.508,107.0976,85.4117,108.0711
2013-07,1285.5157,119.6068,129.8863,98.895,104.7112,85.6688,103.025
2013-08,1351.7418,121.6953,133.0424,98.6752,102.6088,89.6375,109.4756
2013-09,1348.6,121.961,133.7732,98.0205,102.6039,88.1532,109.8255
2013-10,1316.58,120.7058,131.7452,98.3412,102.8618,89.0736,107.0956
2013-11,1275.86,119.4933,130.3483,97.4756,102.0575,87.8207,103.4335
2013-12,1221.5119,122.1643,134.1534,97.9043,102.2005,88.7137,98.8284
2014-01,1244.27,119.9302,131.2182,97.0601,100.9646,88.0757,100.5996
2014-02,1299.58,122.0227,133.9666,97.9067,103.2064,86.1633,105.0007
2014-03,1336.08,120.4567,130.6676,99.9456,108.0716,82.9794,107.2837
2014-04,1298.45,120.4596,130.6783,99.9672,107.3121,85.4783,103.9296
2014-05,1288.74,121.433,132.3273,99.5266,106.8779,84.8471,102.9955
2014-06,1279.1,122.2853,134.3237,98.0564,104.6556,84.359,102.8927
2014-07,1310.59,117.9965,127.9473,97.973,102.6083,88.1818,105.9417
2014-08,1295.13,113.9469,122.3902,96.8794,100.9403,88.0339,103.7513
2014-09,1236.55,109.6809,117.4372,93.9621,97.8094,85.0702,98.5693
2014-10,1222.49,102.186,106.7731,92.8868,97.3063,82.6152,96.3401
2014-11,1175.33,95.8427,97.3035,92.8552,97.1503,82.8554,92.1153
2014-12,1200.62,83.3548,79.7952,90.5934,95.712,78.826,94.0451
2015-01,1250.75,71.6096,63.7491,87.6837,93.6705,73.8532,98.1685
2015-02,1227.08,77.7612,73.7662,86.1377,91.9895,72.3704,96.1509
2015-03,1178.63,75.4899,71.1451,84.5029,89.8013,71.7772,92.4404
2015-04,1198.93,76.8745,73.3589,84.1862,89.4543,72.1366,93.8505
2015-05,1198.63,81.0568,79.2574,84.8712,89.2783,74.6369,94.2714
2015-06,1181.5,78.9143,76.6849,83.5506,89.0842,70.3134,92.3662
2015-07,1128.31,74.0246,69.974,82.3133,89.4225,65.7477,87.8655
2015-08,1117.93,66.3805,60.2653,78.8138,85.6077,62.6532,87.0497
2015-09,1124.77,66.1343,60.3093,77.9575,83.8563,63.4024,87.2646
2015-10,1159.25,66.2963,60.508,78.0225,84.7639,62.2167,90.4788
2015-11,1086.44,62.5198,55.8709,75.9887,83.7033,57.8325,84.3887
2015-12,1075.74,57.2675,48.3004,75.4682,83.658,56.3137,83.352
2016-01,1097.91,51.7885,40.8561,74.0281,82.3009,55.2131,84.7312
2016-02,1199.5,53.2992,42.8403,74.5996,82.5337,57.681,92.3113
2016-03,1245.14,58.0454,48.7412,76.988,84.4131,61.1919,95.5888
2016-04,1242.26,61.0113,52.2764,78.8289,86.895,61.9989,96.3005
2016-05,1260.95,64.9624,57.6539,79.9487,89.6228,59.9795,98.124
2016-06,1276.4,67.2582,60.2314,81.6407,92.5713,60.2567,99.3185
2016-07,1336.66,65.1645,57.2788,81.3694,90.3472,63.4926,105.8987
2016-08,1340.17,65.6712,58.4156,80.5393,89.1453,63.7802,105.8107
2016-09,1326.61,65.9258,59.0867,79.9045,88.6102,62.8285,104.5807
2016-10,1266.55,69.3698,64.3941,79.5247,87.3929,64.1329,98.9885
2016-11,1238.35,67.9347,60.9263,82.2293,87.8752,71.5267,96.9562
2016-12,1157.36,73.8822,69.5858,82.7403,87.6556,73.5351,90.821
2017-01,1192.1,74.8018,70.2307,84.2963,89.4666,74.5445,93.5767
2017-02,1234.2,75.0018,70.0988,85.2442,89.2755,77.9404,97.2936
2017-03,1231.42,71.8304,65.9376,84.0095,87.6787,77.3427,96.7422
2017-04,1266.88,72.207,67.4369,82.3062,86.8102,74.0414,99.368
2017-05,1246.04,70.5148,64.8664,82.417,88.15,72.2387,96.7721
2017-06,1260.26,67.5001,60.6097,81.6413,87.1149,71.7079,97.851
2017-07,1236.84,69.5071,62.9074,83.0052,87.4995,75.3873,95.6075
2017-08,1283.04,72.0831,66.4095,83.7583,85.5526,81.5552,99.4032
2017-09,1314.07,75.2735,70.7409,84.5881,86.1012,82.6783,101.8075
2017-10,1279.51,76.9414,73.2765,84.4384,85.3011,83.3901,99.0633
2017-11,1281.9,80.8775,78.9533,84.8057,85.5817,83.4561,99.2755
2017-12,1264.45,81.9274,80.8282,84.2314,84.8495,84.114,97.3496
2018-01,1331.3,87.2765,87.4119,87.1013,87.0301,88.5696,102.6685
2018-02,1330.73,84.094,82.1115,88.256,88.6694,88.6069,102.1145
2018-03,1324.66,84.4139,82.8147,87.8596,90.0424,84.4711,101.5599
2018-04,1334.76,88.701,88.3975,89.5455,91.6635,86.4454,102.3037
2018-05,1303.45,92.9429,94.5964,89.7299,91.8468,86.7885,100.1271
2018-06,1281.57,91.7496,93.6685,87.9256,88.9361,86.9767,98.7448
2018-07,1237.71,90.0773,93.0289,84.1387,86.3509,79.7723,95.0827
2018-08,1201.71,88.9131,91.9861,82.7053,84.8389,78.1185,92.0495
2018-09,1198.39,92.921,98.7245,81.1487,82.6475,77.4449,91.1667
2018-10,1215.39,94.2981,100.2222,82.2812,83.3832,79.355,92.6029
2018-11,1220.65,83.3383,84.4368,81.1101,82.2054,77.5009,92.741
2018-12,1250.4,76.8245,74.8987,80.7307,82.5211,76.0717,94.9122
2019-01,1291.75,77.8053,76.2048,81.0519,83.3061,75.7742,98.3709
2019-02,1320.07,80.8845,80.086,82.5041,83.5386,80.1172,100.3723
2019-03,1300.9,82.253,82.2232,82.3133,82.7978,81.0967,98.7174
2019-04,1285.91,85.1568,86.4267,82.5809,82.9419,81.5994,97.6294
2019-05,1283.7,83.808,85.1758,81.0334,82.0084,78.6492,97.0104
2019-06,1359.04,78.2989,76.3393,82.2741,84.018,78.5261,102.0956
2019-07,1412.89,78.8054,77.0384,82.3895,83.0344,81.0312,106.2981
2019-08,1500.41,74.1134,71.5916,79.2288,80.6402,76.0485,113.2344
2019-09,1510.58,76.8704,75.5647,79.5188,80.6825,77.3228,114.9339
2019-10,1494.81,75.1734,72.6737,80.2439,82.2293,76.4573,113.3518
2019-11,1470.79,78.4012,76.6176,82.0191,85.2352,76.2153,111.3844
2019-12,1479.13,80.5595,79.0787,83.5634,87.1398,77.47,111.9346
2020-01,1560.67,78.7748,76.0578,84.2862,88.1614,77.7022,118.0259
2020-02,1597.1,71.1892,66.3087,81.0891,85.5877,73.0159,120.2
2020-03,1591.93,54.3108,42.6472,77.9701,82.7771,68.7069,116.6454
2020-04,1683.17,46.2439,31.6323,75.8831,81.1239,65.5517,122.6004
2020-05,1715.91,51.5537,39.2469,76.5176,81.1494,68.0064,125.8729
2020-06,1732.22,58.7927,48.5232,79.624,83.1531,73.6785,128.3398
2020-07,1846.51,61.6788,51.6497,82.0223,84.0093,79.0897,138.4449
2020-08,1968.63,64.5637,54.3017,85.3796,86.7,83.4806,152.3268
2020-09,1921.92,63.2011,51.1688,87.6082,89.2671,85.1153,148.1086
2020-10,1900.27,63.9578,51.6208,88.9829,91.1944,85.4928,145.2492
2020-11,1866.3,67.6674,55.3018,92.7507,94.6606,90.2796,143.0215
2020-12,1858.42,74.8465,63.7467,97.3621,97.125,99.6505,143.5934
2021-01,1866.98,80.4374,69.8826,101.8475,102.2317,102.8393,145.122
2021-02,1808.17,88.3935,80.3819,104.6448,103.7504,106.3924,142.9497
2021-03,1718.23,88.9459,80.7652,105.54,102.9363,110.2214,135.6392
2021-04,1760.04,90.064,80.8017,108.8522,105.6211,115.3231,138.3882
2021-05,1850.26,96.1096,86.2849,116.0387,111.2449,125.7933,145.8363
2021-06,1834.57,100.741,93.919,114.5793,108.6933,124.2732,144.1782
2021-07,1807.84,103.8024,98.2894,114.9854,108.2294,124.5206,141.1658
2021-08,1785.28,102.2323,96.3236,114.2179,109.3598,119.0441,137.9859
2021-09,1775.14,109.0418,107.1786,112.8211,108.224,116.813,136.5169
2021-10,1776.85,121.3276,123.3699,117.1848,110.249,121.381,136.9292
2021-11,1821.76,115.5777,115.0087,116.7319,111.232,114.0172,140.5403
2021-12,1790.43,114.1055,112.373,117.62,111.0912,116.7152,136.8164
2022-01,1816.02,121.8065,121.3099,122.814,115.4424,125.2296,139.1309
2022-02,1856.3,131.4437,133.3142,127.6494,120.7801,131.1765,142.1627
2022-03,1947.83,157.1093,166.7324,137.5892,129.1409,141.2833,149.6287
2022-04,1936.86,148.3933,153.1866,138.6704,130.369,138.0941,148.0501
2022-05,1848.5,153.2259,163.633,132.1153,129.7513,122.4555,139.9441
2022-06,1836.57,157.975,173.4822,126.5192,124.7934,115.7048,138.8548
2022-07,1732.74,153.0728,171.7525,115.1817,115.5796,100.154,129.7511
2022-08,1764.56,153.9277,172.7709,115.7051,115.1987,103.8118,132.4622
2022-09,1680.78,143.2666,158.1736,113.0282,113.8421,97.772,126.352
2022-10,1664.45,134.6881,146.1725,111.3923,112.9599,96.0871,125.8357
2022-11,1725.07,130.3635,139.4414,111.9493,112.3519,100.9168,131.3332
2022-12,1797.55,125.0115,130.918,113.0302,111.602,107.6033,138.1498
2023-01,1897.71,117.8752,119.2948,114.9956,112.1717,114.0138,144.9051
2023-02,1854.54,111.9109,110.5301,114.7118,113.2874,112.0427,140.3437
2023-03,1912.73,106.2422,103.4658,111.8738,111.0117,108.4015,144.1155
2023-04,1999.77,110.6529,109.2644,113.4695,114.0874,107.3774,152.6575
2023-05,1992.13,101.0615,96.9079,109.487,111.4821,100.516,151.4987
2023-06,1942.9,99.2991,95.174,107.6667,109.1162,101.2174,147.3856
2023-07,1951.02,103.4011,100.8588,108.5579,109.9007,101.5937,148.6483
2023-08,1918.7,108.3502,108.712,107.6163,108.7412,99.6376,145.7742
2023-09,1915.95,114.9781,117.7293,109.3973,110.7515,101.1571,145.2756
2023-10,1916.25,113.0666,115.6836,107.758,109.3017,98.4599,144.5573
2023-11,1984.11,107.3054,106.1951,109.5576,111.0183,101.1588,149.9377
2023-12,2026.18,102.2995,99.6082,107.7589,109.7375,102.3838,153.0368
2024-01,2034.04,103.163,101.1793,107.187,109.2155,102.0343,152.6128
2024-02,2023.24,103.961,102.2207,107.491,110.508,100.1111,151.6192
2024-03,2158.01,106.1092,104.2348,109.9114,113.727,101.4718,161.9572
2024-04,2331.45,111.5695,109.5944,115.576,118.1341,110.5316,175.8336
2024-05,2351.13,106.9016,102.619,115.5886,115.4725,116.6369,178.9883
2024-06,2326.44,107.1973,103.7664,114.1568,115.6584,110.6184,177.5636
2024-07,2398.2,107.8712,105.9796,111.7083,113.6063,106.8358,182.293
2024-08,2470.15,104.9445,102.6462,109.6065,112.0093,103.4964,185.6274
2024-09,2570.55,100.9256,95.3732,112.1884,115.14,105.3944,193.5521
2024-10,2690.08,103.2458,97.6707,114.5548,115.9662,110.647,203.3566
2024-11,2651.13,102.5231,96.5138,114.7129,118.1128,107.1721,199.5727
2024-12,2648.01,103.2527,96.4987,116.9531,122.1716,105.9496,199.0082
2025-01,2709.69,108.0585,103.5296,117.2451,122.3458,105.9847,202.6175
2025-02,2894.73,105.6884,99.1587,118.9336,122.6595,109.6426,216.0656
2025-03,2983.25,102.1582,95.0575,116.5619,118.209,111.8408,222.6652
2025-04,3217.64,96.3935,87.8917,113.6391,117.4936,103.9627,236.6054
2025-05,3309.49,94.2209,84.0454,114.8616,117.774,106.8065,242.9871
2025-06,3352.66,99.2663,92.183,113.6345,114.4363,108.6587,249.3288
2025-07,3340.15,98.7659,91.6569,113.1863,112.3079,110.295,250.4088
2025-08,3368.03,96.4212,88.084,113.3327,112.5839,109.9925,252.5385
2025-09,3667.68,96.4268,87.5842,114.3637,113.0161,113.1429,276.1104
2025-10,4058.33,94.2791,84.2849,114.5521,110.8421,119.3231,307.5135
2025-11,4087.19,94.3527,83.9593,115.4352,111.8752,119.8887,310.1761
2025-12,4309.23,94.1271,82.8981,116.9047,111.4559,126.269,336.1374
2026-01,4753.2537,101.9128,92.7979,120.2904,110.9588,137.9661,393.3438
2026-02,5020.268,101.1142,92.3979,118.7967,109.2686,135.6667,400.2446
2026-03,4856.2592,127.6655,130.597,121.7841,110.8594,137.5662,385.743
2026-04,4721.252,139.7433,146.6966,125.7672,112.649,143.5648,375.3418
2026-05,4587.2448,132.0574,133.6969,128.8541,115.3335,148.7635,368.7411
2026-06,4228.2257,114.6893,109.8975,124.4727,113.1462,144.5645,334.7373
2026-07,4073.2174,114.1902,108.7975,125.1697,116.5266,140.4655,317.2353
2026-08,4411.2354,121.5767,118.3973,128.0575,118.4157,146.1641,345.2385
